mc	mn	mc_onset	mn_onset	timesig	staff	voice	duration	gracenote	nominal_duration	scalar	tied	tpc	midi	volta	chord_id
1	0	0	5/8	6/8	1	1	1/8		1/8	1		3	57		0
2	1	0	0	6/8	1	1	3/8		1/4	3/2	1	-1	65		1
2	1	3/8	3/8	6/8	1	1	1/4		1/4	1	-1	-1	65		2
2	1	5/8	5/8	6/8	1	1	1/8		1/8	1		4	64		3
3	2	0	0	6/8	2	1	3/4		1/2	3/2		-1	53		8
3	2	0	0	6/8	2	1	3/4		1/2	3/2		5	59		8
3	2	0	0	6/8	1	2	3/4		1/2	3/2		9	63		7
3	2	0	0	6/8	1	1	3/8		1/4	3/2	1	8	68		4
3	2	3/8	3/8	6/8	1	1	1/4		1/4	1	-1	8	68		5
3	2	5/8	5/8	6/8	1	1	1/8		1/8	1		3	69		6
4	3	0	0	6/8	2	1	3/8		1/4	3/2	1	4	52		14
4	3	0	0	6/8	2	1	3/8		1/4	3/2	1	8	56		14
4	3	0	0	6/8	1	2	3/8		1/4	3/2	1	2	62		12
4	3	0	0	6/8	1	1	1/8		1/8	1		10	70		9
4	3	1/8	1/8	6/8	1	1	1/4		1/4	1	1	5	71		10
4	3	3/8	3/8	6/8	2	1	1/8		1/8	1	-1	4	52		15
4	3	3/8	3/8	6/8	2	1	1/8		1/8	1	-1	8	56		15
4	3	3/8	3/8	6/8	1	2	1/8		1/8	1	-1	2	62		13
4	3	3/8	3/8	6/8	1	1	1/8		1/8	1	-1	5	71		11
5	4	5/8	5/8	6/8	1	1	1/8		1/8	1		5	59		16
6	5	0	0	6/8	1	1	3/8		1/4	3/2	1	8	68		17
6	5	3/8	3/8	6/8	1	1	1/4		1/4	1	-1	8	68		18
6	5	5/8	5/8	6/8	1	1	1/8		1/8	1		1	67		19
7	6	0	0	6/8	2	1	3/4		1/2	3/2		-4	56		24
7	6	0	0	6/8	2	1	3/4		1/2	3/2		2	62		24
7	6	0	0	6/8	1	2	3/4		1/2	3/2	1	6	66		23
7	6	0	0	6/8	1	1	3/8		1/4	3/2	1	5	71		20
7	6	3/8	3/8	6/8	1	1	1/4		1/4	1	-1	5	71		21
7	6	5/8	5/8	6/8	1	1	1/8		1/8	1		0	72		22
8	7	0	0	6/8	2	1	3/8		1/4	3/2	1	1	55		30
8	7	0	0	6/8	2	1	3/8		1/4	3/2	1	5	59		30
8	7	0	0	6/8	1	2	3/8		1/4	3/2	1	-1	65		28
8	7	0	0	6/8	1	1	1/8		1/8	1		7	73		25
8	7	1/8	1/8	6/8	1	1	1/4		1/4	1	1	2	74		26
8	7	3/8	3/8	6/8	2	1	1/8		1/8	1	-1	1	55		31
8	7	3/8	3/8	6/8	2	1	1/8		1/8	1	-1	5	59		31
8	7	3/8	3/8	6/8	1	2	1/8		1/8	1	-1	-1	65		29
8	7	3/8	3/8	6/8	1	1	1/8		1/8	1	-1	2	74		27
9	8	1/4	1/4	6/8	1	1	1/8		1/8	1		2	62		32
9	8	3/8	3/8	6/8	1	1	3/8		1/4	3/2	1	5	71		33
10	9	0	0	6/8	1	1	1/8		1/8	1	-1	5	71		34
10	9	1/8	1/8	6/8	1	1	1/4		1/4	1	1	-2	70		35
10	9	3/8	3/8	6/8	1	1	1/8		1/8	1	-1	-2	70		36
10	9	1/2	1/2	6/8	1	1	1/4		1/4	1		3	69		37
11	10	0	0	6/8	2	2	3/4		1/2	3/2		0	60		46
11	10	0	0	6/8	2	1	3/8		1/4	3/2	1	-1	65		43
11	10	0	0	6/8	1	2	3/4		1/2	3/2		8	68		42
11	10	0	0	6/8	1	1	3/8		1/4	3/2	1	2	74		38
11	10	3/8	3/8	6/8	2	1	1/4		1/4	1	-1	-1	65		44
11	10	3/8	3/8	6/8	1	1	1/8		1/8	1	-1	2	74		39
11	10	1/2	1/2	6/8	1	1	1/8		1/8	1		9	75		40
11	10	5/8	5/8	6/8	2	1	1/8		1/8	1		4	64		45
11	10	5/8	5/8	6/8	1	1	1/8		1/8	1		4	76		41
12	11	0	0	6/8	2	1	3/8		1/4	3/2	1	5	59		52
12	11	0	0	6/8	2	1	3/8		1/4	3/2	1	9	63		52
12	11	0	0	6/8	1	2	3/8		1/4	3/2	1	3	69		50
12	11	0	0	6/8	1	1	1/8		1/8	1		11	77		47
12	11	1/8	1/8	6/8	1	1	1/4		1/4	1	1	6	78		48
12	11	3/8	3/8	6/8	2	1	1/8		1/8	1	-1	5	59		53
12	11	3/8	3/8	6/8	2	1	1/8		1/8	1	-1	9	63		53
12	11	3/8	3/8	6/8	1	2	1/8		1/8	1	-1	3	69		51
12	11	3/8	3/8	6/8	1	1	1/8		1/8	1	-1	6	78		49
13	12	0	0	6/8	2	2	3/4		1/2	3/2		0	72		62
13	12	0	0	6/8	2	1	3/8		1/4	3/2	1	-1	77		59
13	12	0	0	6/8	1	2	3/4		1/2	3/2		8	80		58
13	12	0	0	6/8	1	1	3/8		1/4	3/2	1	2	86		54
13	12	3/8	3/8	6/8	2	1	1/4		1/4	1	-1	-1	77		60
13	12	3/8	3/8	6/8	1	1	1/8		1/8	1	-1	2	86		55
13	12	1/2	1/2	6/8	1	1	1/8		1/8	1		9	87		56
13	12	5/8	5/8	6/8	2	1	1/8		1/8	1		4	76		61
13	12	5/8	5/8	6/8	1	1	1/8		1/8	1		4	88		57
14	13	0	0	6/8	2	2	3/8		1/4	3/2	1	5	71		70
14	13	0	0	6/8	2	1	3/8		1/4	3/2	1	9	75		68
14	13	0	0	6/8	1	2	3/8		1/4	3/2	1	3	81		66
14	13	0	0	6/8	1	1	1/8		1/8	1		11	89		63
14	13	1/8	1/8	6/8	1	1	1/4		1/4	1	1	6	90		64
14	13	3/8	3/8	6/8	2	2	1/8		1/8	1	-1	5	71		71
14	13	3/8	3/8	6/8	2	1	1/8		1/8	1	-1	9	75		69
14	13	3/8	3/8	6/8	1	2	1/8		1/8	1	-1	3	81		67
14	13	3/8	3/8	6/8	1	1	1/8		1/8	1	-1	6	90		65
15	14	0	0	6/8	2	1	1/8		1/8	1		11	65		75
15	14	0	0	6/8	1	1	1/8		1/8	1		11	77		72
15	14	1/8	1/8	6/8	2	1	1/4		1/4	1	1	6	66		76
15	14	1/8	1/8	6/8	1	1	1/4		1/4	1	1	6	78		73
15	14	3/8	3/8	6/8	2	1	1/8		1/8	1	-1	6	66		77
15	14	3/8	3/8	6/8	1	1	1/8		1/8	1	-1	6	78		74
16	15	0	0	6/8	1	1	1/8		1/8	1		11	77		78
16	15	0	0	6/8	1	1	1/8		1/8	1		11	89		78
16	15	1/8	1/8	6/8	1	1	1/4		1/4	1	1	6	78		79
16	15	1/8	1/8	6/8	1	1	1/4		1/4	1	1	6	90		79
16	15	3/8	3/8	6/8	1	1	1/8		1/8	1	-1	6	78		80
16	15	3/8	3/8	6/8	1	1	1/8		1/8	1	-1	6	90		80
17	16	0	0	6/8	2	1	1/4		1/4	1		4	40		86
17	16	0	0	6/8	2	1	1/4		1/4	1		5	47		86
17	16	0	0	6/8	2	1	1/4		1/4	1		2	50		86
17	16	0	0	6/8	2	1	1/4		1/4	1		8	56		86
17	16	0	0	6/8	1	1	1/8		1/8	1		11	65		81
17	16	0	0	6/8	1	1	1/8		1/8	1		11	77		81
17	16	1/8	1/8	6/8	1	1	1/4		1/4	1	0	6	66		82
17	16	1/8	1/8	6/8	1	1	1/4		1/4	1	1	6	78		82
17	16	3/8	3/8	6/8	2	1	3/8		1/4	3/2		4	52		87
17	16	3/8	3/8	6/8	2	1	3/8		1/4	3/2		5	59		87
17	16	3/8	3/8	6/8	2	1	3/8		1/4	3/2		2	62		87
17	16	3/8	3/8	6/8	1	1	1/8		1/8	1	-1	6	66		83
17	16	3/8	3/8	6/8	1	1	1/8		1/8	1	-1	6	78		83
17	16	1/2	1/2	6/8	1	1	1/8		1/8	1		1	67		84
17	16	1/2	1/2	6/8	1	1	1/8		1/8	1		1	79		84
17	16	5/8	5/8	6/8	1	1	1/8		1/8	1		8	68		85
17	16	5/8	5/8	6/8	1	1	1/8		1/8	1		8	80		85
18	17	0	0	6/8	2	1	3/8		1/4	3/2		-1	53		90
18	17	0	0	6/8	2	1	3/8		1/4	3/2		3	57		90
18	17	0	0	6/8	2	1	3/8		1/4	3/2		0	60		90
18	17	0	0	6/8	1	1	3/8		1/4	3/2		5	71		88
18	17	0	0	6/8	1	1	3/8		1/4	3/2		5	83		88
18	17	3/8	3/8	6/8	2	2	1/4		1/4	1		-1	41		94
18	17	3/8	3/8	6/8	2	2	1/4		1/4	1		0	48		94
18	17	3/8	3/8	6/8	2	1	1/8		1/8	1		3	57		91
18	17	3/8	3/8	6/8	1	1	1/8		1/8	1		3	69		89
18	17	3/8	3/8	6/8	1	1	1/8		1/8	1		3	81		89
18	17	1/2	1/2	6/8	2	1	3/16		1/8	3/2		5	59		92
18	17	11/16	11/16	6/8	2	1	1/16		1/16	1		0	60		93
19	18	0	0	6/8	2	2	1/4		1/4	1		6	42		101
19	18	0	0	6/8	2	2	1/4		1/4	1		2	50		101
19	18	0	0	6/8	2	1	1/4		1/4	1		0	60		98
19	18	1/4	1/4	6/8	2	1	1/8		1/8	1		2	50		99
19	18	3/8	3/8	6/8	2	1	1/4		1/4	1		1	43		100
19	18	3/8	3/8	6/8	2	1	1/4		1/4	1		4	52		100
19	18	3/8	3/8	6/8	2	1	1/4		1/4	1		1	55		100
19	18	3/8	3/8	6/8	1	1	1/8		1/8	1		0	60		95
19	18	1/2	1/2	6/8	1	1	3/16		1/8	3/2		2	62		96
19	18	11/16	11/16	6/8	1	1	1/16		1/16	1		4	64		97
20	19	0	0	6/8	2	1	1/4		1/4	1		3	45		108
20	19	0	0	6/8	2	1	1/4		1/4	1		6	54		108
20	19	0	0	6/8	2	1	1/4		1/4	1		0	60		108
20	19	0	0	6/8	1	1	1/8		1/8	1		4	64		102
20	19	1/8	1/8	6/8	1	1	1/4		1/4	1	1	2	62		103
20	19	3/8	3/8	6/8	2	1	1/4		1/4	1		1	43		109
20	19	3/8	3/8	6/8	1	2	3/8		1/4	3/2		1	55		107
20	19	3/8	3/8	6/8	1	2	3/8		1/4	3/2		5	59		107
20	19	3/8	3/8	6/8	1	1	1/8		1/8	1	-1	2	62		104
20	19	1/2	1/2	6/8	1	1	3/16		1/8	3/2		4	64		105
20	19	5/8	5/8	6/8	2	1	1/8		1/8	1		-1	41		110
20	19	5/8	5/8	6/8	2	1	1/8		1/8	1		-1	53		110
20	19	11/16	11/16	6/8	1	1	1/16		1/16	1		-1	65		106
21	20	0	0	6/8	2	1	1/4		1/4	1		4	40		118
21	20	0	0	6/8	2	1	1/4		1/4	1		4	52		118
21	20	0	0	6/8	1	1	1/8		1/8	1		1	55		111
21	20	0	0	6/8	1	1	1/8		1/8	1		0	60		111
21	20	0	0	6/8	1	1	1/8		1/8	1		1	67		111
21	20	1/8	1/8	6/8	1	1	1/8		1/8	1		0	60		112
21	20	1/4	1/4	6/8	2	1	1/8		1/8	1		2	38		119
21	20	1/4	1/4	6/8	2	1	1/8		1/8	1		2	50		119
21	20	1/4	1/4	6/8	1	1	1/8		1/8	1	1	-2	70		113
21	20	3/8	3/8	6/8	2	1	1/4		1/4	1		7	37		120
21	20	3/8	3/8	6/8	2	1	1/4		1/4	1		7	49		120
21	20	3/8	3/8	6/8	1	2	1/4		1/4	1		-2	58		117
21	20	3/8	3/8	6/8	1	2	1/4		1/4	1		4	64		117
21	20	3/8	3/8	6/8	1	1	1/8		1/8	1	-1	-2	70		114
21	20	1/2	1/2	6/8	1	1	3/16		1/8	3/2		3	69		115
21	20	11/16	11/16	6/8	1	1	1/16		1/16	1		1	67		116
22	21	0	0	6/8	2	1	1/4		1/4	1		2	38		129
22	21	0	0	6/8	2	1	1/4		1/4	1		2	50		129
22	21	0	0	6/8	1	2	1/4		1/4	1		3	57		127
22	21	0	0	6/8	1	2	1/4		1/4	1		2	62		127
22	21	0	0	6/8	1	1	1/8		1/8	1		1	67		121
22	21	1/8	1/8	6/8	1	1	3/16		1/8	3/2		-1	65		122
22	21	5/16	5/16	6/8	1	1	1/16		1/16	1		4	64		123
22	21	3/8	3/8	6/8	2	2	3/8		1/4	3/2		1	43		132
22	21	3/8	3/8	6/8	2	1	1/4		1/4	1		-3	51		130
22	21	3/8	3/8	6/8	1	2	3/8		1/4	3/2		-2	58		128
22	21	3/8	3/8	6/8	1	1	1/8		1/8	1		-3	63		124
22	21	1/2	1/2	6/8	1	1	1/8		1/8	1		2	62		125
22	21	5/8	5/8	6/8	2	1	1/8		1/8	1	1	4	52		131
22	21	11/16	11/16	6/8	1	1	1/16		1/16	1		4	64		126
23	22	0	0	6/8	2	2	3/8		1/4	3/2		3	45		147
23	22	0	0	6/8	2	1	3/8		1/4	3/2	-1	4	52		144
23	22	0	0	6/8	1	2	1/4		1/4	1		3	57		139
23	22	0	0	6/8	1	1	1/8		1/8	1		2	62		133
23	22	1/8	1/8	6/8	1	1	1/4		1/4	1		7	61		134
23	22	1/4	1/4	6/8	1	2	1/16		1/16	1		3	57		140
23	22	5/16	5/16	6/8	1	2	1/16		1/16	1		1	67		141
23	22	3/8	3/8	6/8	2	2	3/8		1/4	3/2		10	46		148
23	22	3/8	3/8	6/8	2	1	1/4		1/4	1		9	51		145
23	22	3/8	3/8	6/8	1	2	1/4		1/4	1		7	61		142
23	22	3/8	3/8	6/8	1	1	1/8		1/8	1		1	67		135
23	22	1/2	1/2	6/8	1	1	1/8		1/8	1		6	66		136
23	22	5/8	5/8	6/8	2	1	1/8		1/8	1		4	52		146
23	22	5/8	5/8	6/8	1	2	1/8		1/8	1		0	60		143
23	22	5/8	5/8	6/8	1	1	1/16		1/16	1		4	64		137
23	22	11/16	11/16	6/8	1	1	1/16		1/16	1		6	66		138
24	23	0	0	6/8	2	2	3/8		1/4	3/2		5	47		163
24	23	0	0	6/8	2	1	3/8		1/4	3/2		6	54		160
24	23	0	0	6/8	1	2	1/4		1/4	1		5	59		156
24	23	0	0	6/8	1	1	1/8		1/8	1		4	64		149
24	23	1/8	1/8	6/8	1	1	1/4		1/4	1		9	63		150
24	23	1/4	1/4	6/8	1	2	1/16		1/16	1		12	60		157
24	23	5/16	5/16	6/8	1	2	1/16		1/16	1		7	61		158
24	23	3/8	3/8	6/8	2	2	3/8		1/4	3/2		3	45		164
24	23	3/8	3/8	6/8	2	1	1/4		1/4	1		6	54		161
24	23	3/8	3/8	6/8	1	2	3/8		1/4	3/2	1	7	61		159
24	23	3/8	3/8	6/8	1	1	1/8		1/8	1		9	63		151
24	23	1/2	1/2	6/8	1	1	1/16		1/16	1		4	64		152
24	23	9/16	9/16	6/8	1	1	1/16		1/16	1		11	65		153
24	23	5/8	5/8	6/8	2	1	1/8		1/8	1		9	51		162
24	23	5/8	5/8	6/8	1	1	1/16		1/16	1		6	66		154
24	23	11/16	11/16	6/8	1	1	1/16		1/16	1		13	67		155
25	24	0	0	6/8	2	1	1/4		1/4	1		8	44		178
25	24	0	0	6/8	2	1	1/4		1/4	1		4	52		178
25	24	0	0	6/8	1	2	1/4		1/4	1	-1	7	61		173
25	24	0	0	6/8	1	1	1/16		1/16	1		13	67		165
25	24	1/16	1/16	6/8	1	1	1/16		1/16	1		8	68		166
25	24	1/8	1/8	6/8	1	1	1/16		1/16	1		3	69		167
25	24	3/16	3/16	6/8	1	1	1/16		1/16	1		10	70		168
25	24	1/4	1/4	6/8	2	1	1/8		1/8	1		4	40		179
25	24	1/4	1/4	6/8	2	1	1/8		1/8	1		4	52		179
25	24	1/4	1/4	6/8	1	2	1/8		1/8	1		2	62		174
25	24	1/4	1/4	6/8	1	1	3/32		1/16	3/2		8	68		169
25	24	1/4	1/4	6/8	1	1	3/32		1/16	3/2		5	71		169
25	24	11/32	11/32	6/8	1	1	1/32		1/32	1		12	72		170
25	24	3/8	3/8	6/8	2	1	3/8		1/4	3/2		3	33		180
25	24	3/8	3/8	6/8	2	1	3/8		1/4	3/2		3	45		180
25	24	3/8	3/8	6/8	1	2	1/8		1/8	1		2	62		175
25	24	3/8	3/8	6/8	1	1	1/8		1/8	1		8	68		171
25	24	3/8	3/8	6/8	1	1	1/8		1/8	1		12	72		171
25	24	1/2	1/2	6/8	1	2	3/16		1/8	3/2		7	61		176
25	24	1/2	1/2	6/8	1	1	1/4		1/4	1		3	69		172
25	24	1/2	1/2	6/8	1	1	1/4		1/4	1		7	73		172
25	24	11/16	11/16	6/8	1	2	1/16		1/16	1		2	62		177
26	25	0	0	6/8	2	2	3/4		1/2	3/2		3	45		191
26	25	0	0	6/8	2	1	3/8		1/4	3/2		6	54		189
26	25	0	0	6/8	1	2	3/8		1/4	3/2	1	7	61		186
26	25	0	0	6/8	1	1	1/8		1/8	1		9	63		181
26	25	0	0	6/8	1	1	1/8		1/8	1		7	73		181
26	25	1/8	1/8	6/8	1	1	1/4		1/4	1		9	63		182
26	25	3/8	3/8	6/8	2	1	3/8		1/4	3/2		9	51		190
26	25	3/8	3/8	6/8	1	2	1/4		1/4	1	-1	7	61		187
26	25	3/8	3/8	6/8	1	1	1/8		1/8	1		6	66		183
26	25	1/2	1/2	6/8	1	1	3/16		1/8	3/2		8	68		184
26	25	5/8	5/8	6/8	1	2	1/8		1/8	1		0	60		188
26	25	11/16	11/16	6/8	1	1	1/16		1/16	1		3	69		185
27	26	0	0	6/8	2	2	3/8		1/4	3/2		8	44		199
27	26	0	0	6/8	2	1	3/8		1/4	3/2		4	52		197
27	26	0	0	6/8	1	2	3/4		1/2	3/2		5	59		196
27	26	0	0	6/8	1	2	3/4		1/2	3/2		4	64		196
27	26	0	0	6/8	1	1	1/8		1/8	1		10	70		192
27	26	1/8	1/8	6/8	1	1	1/4		1/4	1	1	5	71		193
27	26	3/8	3/8	6/8	2	2	3/8		1/4	3/2		7	49		200
27	26	3/8	3/8	6/8	2	1	3/8		1/4	3/2		8	56		198
27	26	3/8	3/8	6/8	1	1	1/8		1/8	1	-1	5	71		194
27	26	1/2	1/2	6/8	1	1	1/4		1/4	1		5	71		195
28	27	0	0	6/8	2	2	3/4		1/2	3/2		6	42		211
28	27	0	0	6/8	2	1	3/8		1/4	3/2		4	52		209
28	27	0	0	6/8	1	2	3/8		1/4	3/2	1	5	59		206
28	27	0	0	6/8	1	1	1/8		1/8	1		7	61		201
28	27	0	0	6/8	1	1	1/8		1/8	1		5	71		201
28	27	1/8	1/8	6/8	1	1	1/4		1/4	1		7	61		202
28	27	3/8	3/8	6/8	2	1	3/8		1/4	3/2		7	49		210
28	27	3/8	3/8	6/8	1	2	1/4		1/4	1	-1	5	59		207
28	27	3/8	3/8	6/8	1	1	1/8		1/8	1		4	64		203
28	27	1/2	1/2	6/8	1	1	3/16		1/8	3/2		6	66		204
28	27	5/8	5/8	6/8	1	2	1/8		1/8	1		10	58		208
28	27	11/16	11/16	6/8	1	1	1/16		1/16	1		8	68		205
29	28	0	0	6/8	2	2	3/8		1/4	3/2		5	47		221
29	28	0	0	6/8	2	1	3/4		1/2	3/2		6	54		220
29	28	0	0	6/8	1	2	3/8		1/4	3/2	1	3	57		216
29	28	0	0	6/8	1	3	1/2		1/2	1		9	63		219
29	28	0	0	6/8	1	1	1/8		1/8	1		8	68		212
29	28	1/8	1/8	6/8	1	1	1/4		1/4	1	1	3	69		213
29	28	3/8	3/8	6/8	2	2	3/8		1/4	3/2		0	48		222
29	28	3/8	3/8	6/8	1	2	1/8		1/8	1	-1	3	57		217
29	28	3/8	3/8	6/8	1	1	1/8		1/8	1	-1	3	69		214
29	28	1/2	1/2	6/8	1	2	1/4		1/4	1	1	3	57		218
29	28	1/2	1/2	6/8	1	1	1/4		1/4	1	1	3	69		215
30	29	0	0	6/8	2	1	1/8		1/8	1		9	39		230
30	29	0	0	6/8	2	1	1/8		1/8	1		0	48		230
30	29	0	0	6/8	2	1	1/8		1/8	1		6	54		230
30	29	0	0	6/8	1	1	1/8		1/8	1	-1	3	57		223
30	29	0	0	6/8	1	2	1/8		1/8	1		0	60		229
30	29	0	0	6/8	1	2	1/8		1/8	1		6	66		229
30	29	0	0	6/8	1	1	1/8		1/8	1	-1	3	69		223
30	29	1/8	1/8	6/8	1	1	3/16		1/8	3/2		0	60		224
30	29	1/8	1/8	6/8	1	1	3/16		1/8	3/2		0	72		224
30	29	5/16	5/16	6/8	1	1	1/16		1/16	1		5	59		225
30	29	5/16	5/16	6/8	1	1	1/16		1/16	1		5	71		225
30	29	3/8	3/8	6/8	1	1	1/8		1/8	1		5	59		226
30	29	3/8	3/8	6/8	1	1	1/8		1/8	1		5	71		226
30	29	1/2	1/2	6/8	1	1	1/8		1/8	1		6	54		227
30	29	1/2	1/2	6/8	1	1	1/8		1/8	1		6	66		227
30	29	5/8	5/8	6/8	1	1	1/8		1/8	1		8	56		228
30	29	5/8	5/8	6/8	1	1	1/8		1/8	1		8	68		228
31	30	0	0	6/8	2	2	3/8		1/4	3/2		0	48		239
31	30	0	0	6/8	2	1	3/8		1/4	3/2		9	51		235
31	30	0	0	6/8	1	1	1/8		1/8	1		8	56		231
31	30	0	0	6/8	1	1	1/8		1/8	1		8	68		231
31	30	1/8	1/8	6/8	1	1	1/4		1/4	1	1	3	57		232
31	30	1/8	1/8	6/8	1	1	1/4		1/4	1	1	3	69		232
31	30	3/8	3/8	6/8	2	2	3/8		1/4	3/2		7	49		240
31	30	3/8	3/8	6/8	2	1	1/8		1/8	1		4	52		236
31	30	3/8	3/8	6/8	1	1	1/8		1/8	1	-1	3	57		233
31	30	3/8	3/8	6/8	1	1	1/8		1/8	1	-1	3	69		233
31	30	1/2	1/2	6/8	2	1	1/8		1/8	1		11	53		237
31	30	1/2	1/2	6/8	1	1	1/4		1/4	1	1	3	57		234
31	30	1/2	1/2	6/8	1	1	1/4		1/4	1	1	3	69		234
31	30	5/8	5/8	6/8	2	1	1/8		1/8	1		6	54		238
32	31	0	0	6/8	2	1	1/8		1/8	1		4	40		247
32	31	0	0	6/8	2	1	1/8		1/8	1		7	49		247
32	31	0	0	6/8	2	1	1/8		1/8	1		1	55		247
32	31	0	0	6/8	1	1	1/8		1/8	1	-1	3	57		241
32	31	0	0	6/8	1	1	1/8		1/8	1	-1	3	69		241
32	31	1/8	1/8	6/8	1	1	3/16		1/8	3/2		7	61		242
32	31	1/8	1/8	6/8	1	1	3/16		1/8	3/2		7	73		242
32	31	5/16	5/16	6/8	1	1	1/16		1/16	1		5	59		243
32	31	5/16	5/16	6/8	1	1	1/16		1/16	1		5	71		243
32	31	3/8	3/8	6/8	1	1	1/8		1/8	1		5	59		244
32	31	3/8	3/8	6/8	1	1	1/8		1/8	1		5	71		244
32	31	1/2	1/2	6/8	1	1	1/8		1/8	1		6	54		245
32	31	1/2	1/2	6/8	1	1	1/8		1/8	1		6	66		245
32	31	5/8	5/8	6/8	1	1	1/8		1/8	1		1	55		246
32	31	5/8	5/8	6/8	1	1	1/8		1/8	1		1	67		246
33	32	0	0	6/8	2	2	3/8		1/4	3/2		-1	41		257
33	32	0	0	6/8	2	1	1/4		1/4	1		7	49		253
33	32	0	0	6/8	1	1	1/8		1/8	1		8	56		248
33	32	0	0	6/8	1	1	1/8		1/8	1		8	68		248
33	32	1/8	1/8	6/8	1	1	1/4		1/4	1		3	57		249
33	32	1/8	1/8	6/8	1	1	1/4		1/4	1		3	69		249
33	32	1/4	1/4	6/8	2	1	1/8		1/8	1		2	50		254
33	32	3/8	3/8	6/8	2	2	3/8		1/4	3/2		6	42		258
33	32	3/8	3/8	6/8	2	1	1/4		1/4	1		9	51		255
33	32	3/8	3/8	6/8	1	1	1/8		1/8	1		3	57		250
33	32	3/8	3/8	6/8	1	1	1/8		1/8	1		3	69		250
33	32	1/2	1/2	6/8	1	1	3/16		1/8	3/2		5	59		251
33	32	1/2	1/2	6/8	1	1	3/16		1/8	3/2		5	71		251
33	32	5/8	5/8	6/8	2	1	1/8		1/8	1	1	4	52		256
33	32	11/16	11/16	6/8	1	1	1/16		1/16	1		0	60		252
33	32	11/16	11/16	6/8	1	1	1/16		1/16	1		0	72		252
34	33	0	0	6/8	2	2	3/8		1/4	3/2		1	43		270
34	33	0	0	6/8	2	1	1/8		1/8	1	-1	4	52		265
34	33	0	0	6/8	1	2	3/8		1/4	3/2		0	60		264
34	33	0	0	6/8	1	1	1/4		1/4	1		0	72		259
34	33	1/8	1/8	6/8	2	1	1/8		1/8	1		-1	53		266
34	33	1/4	1/4	6/8	2	1	1/8		1/8	1		6	54		267
34	33	1/4	1/4	6/8	1	1	1/8		1/8	1		4	64		260
34	33	3/8	3/8	6/8	2	2	3/8		1/4	3/2		8	44		271
34	33	3/8	3/8	6/8	2	1	1/4		1/4	1		-1	53		268
34	33	3/8	3/8	6/8	1	1	1/8		1/8	1		0	60		261
34	33	3/8	3/8	6/8	1	1	1/8		1/8	1		0	72		261
34	33	1/2	1/2	6/8	1	1	3/16		1/8	3/2		2	62		262
34	33	1/2	1/2	6/8	1	1	3/16		1/8	3/2		2	74		262
34	33	5/8	5/8	6/8	2	1	1/8		1/8	1		-1	53		269
34	33	11/16	11/16	6/8	1	1	1/16		1/16	1		4	64		263
34	33	11/16	11/16	6/8	1	1	1/16		1/16	1		4	76		263
35	34	0	0	6/8	2	2	1/4		1/4	1		3	45		283
35	34	0	0	6/8	2	1	3/8		1/4	3/2		6	54		279
35	34	0	0	6/8	1	1	1/8		1/8	1		4	64		272
35	34	0	0	6/8	1	2	3/8		1/4	3/2		0	72		277
35	34	0	0	6/8	1	1	1/8		1/8	1		4	76		272
35	34	1/8	1/8	6/8	1	1	1/4		1/4	1		2	62		273
35	34	1/8	1/8	6/8	1	1	1/4		1/4	1		2	74		273
35	34	1/4	1/4	6/8	2	2	1/8		1/8	1		-4	44		284
35	34	3/8	3/8	6/8	2	2	1/4		1/4	1		1	43		285
35	34	3/8	3/8	6/8	2	1	1/8		1/8	1		-1	53		280
35	34	3/8	3/8	6/8	1	1	1/8		1/8	1		2	62		274
35	34	3/8	3/8	6/8	1	2	3/8		1/4	3/2		5	71		278
35	34	3/8	3/8	6/8	1	1	1/8		1/8	1		2	74		274
35	34	1/2	1/2	6/8	2	1	1/8		1/8	1		4	52		281
35	34	1/2	1/2	6/8	1	1	3/16		1/8	3/2		4	64		275
35	34	1/2	1/2	6/8	1	1	3/16		1/8	3/2		4	76		275
35	34	5/8	5/8	6/8	2	2	1/8		1/8	1		-1	41		286
35	34	5/8	5/8	6/8	2	1	1/8		1/8	1		2	50		282
35	34	11/16	11/16	6/8	1	1	1/16		1/16	1		-1	65		276
35	34	11/16	11/16	6/8	1	1	1/16		1/16	1		-1	77		276
36	35	0	0	6/8	2	1	1/4		1/4	1		4	40		294
36	35	0	0	6/8	2	1	1/4		1/4	1		0	48		294
36	35	0	0	6/8	1	2	1/4		1/4	1		1	67		293
36	35	0	0	6/8	1	2	1/4		1/4	1		-2	70		293
36	35	0	0	6/8	1	1	1/8		1/8	1		1	79		287
36	35	1/8	1/8	6/8	1	1	1/8		1/8	1		0	72		288
36	35	1/4	1/4	6/8	2	1	1/8		1/8	1		2	50		295
36	35	1/4	1/4	6/8	2	1	1/8		1/8	1		1	55		295
36	35	1/4	1/4	6/8	1	1	1/8		1/8	1	1	-2	70		289
36	35	1/4	1/4	6/8	1	1	1/8		1/8	1		2	74		289
36	35	1/4	1/4	6/8	1	1	1/8		1/8	1	1	-2	82		289
36	35	3/8	3/8	6/8	2	2	3/8		1/4	3/2		7	49		299
36	35	3/8	3/8	6/8	2	1	1/8		1/8	1		1	55		296
36	35	3/8	3/8	6/8	1	1	1/8		1/8	1	-1	-2	70		290
36	35	3/8	3/8	6/8	1	1	1/8		1/8	1		4	76		290
36	35	3/8	3/8	6/8	1	1	1/8		1/8	1	-1	-2	82		290
36	35	1/2	1/2	6/8	2	1	1/8		1/8	1		3	57		297
36	35	1/2	1/2	6/8	1	1	3/16		1/8	3/2		3	69		291
36	35	1/2	1/2	6/8	1	1	3/16		1/8	3/2		3	81		291
36	35	5/8	5/8	6/8	2	1	1/8		1/8	1		-2	58		298
36	35	11/16	11/16	6/8	1	1	1/16		1/16	1		1	67		292
36	35	11/16	11/16	6/8	1	1	1/16		1/16	1		1	79		292
37	36	0	0	6/8	2	2	3/8		1/4	3/2		2	50		308
37	36	0	0	6/8	2	1	3/8		1/4	3/2		3	57		306
37	36	0	0	6/8	1	1	1/4		1/4	1		1	67		300
37	36	0	0	6/8	1	1	1/4		1/4	1		1	79		300
37	36	1/4	1/4	6/8	1	1	1/8		1/8	1		-1	65		301
37	36	1/4	1/4	6/8	1	1	1/8		1/8	1		-1	77		301
37	36	3/8	3/8	6/8	2	1	3/8		1/4	3/2		-5	49		307
37	36	3/8	3/8	6/8	2	1	3/8		1/4	3/2		-1	53		307
37	36	3/8	3/8	6/8	1	2	3/8		1/4	3/2		5	59		305
37	36	3/8	3/8	6/8	1	1	1/8		1/8	1		-1	65		302
37	36	1/2	1/2	6/8	1	1	3/16		1/8	3/2		1	67		303
37	36	11/16	11/16	6/8	1	1	1/16		1/16	1		3	69		304
38	37	0	0	6/8	2	1	3/8		1/4	3/2		0	48		316
38	37	0	0	6/8	2	1	3/8		1/4	3/2		4	52		316
38	37	0	0	6/8	1	2	3/8		1/4	3/2		-2	58		314
38	37	0	0	6/8	1	1	1/8		1/8	1		6	66		309
38	37	1/8	1/8	6/8	1	1	1/4		1/4	1		1	67		310
38	37	3/8	3/8	6/8	2	1	3/8		1/4	3/2		-5	61		317
38	37	3/8	3/8	6/8	2	1	3/8		1/4	3/2		-1	65		317
38	37	3/8	3/8	6/8	1	2	3/8		1/4	3/2		5	71		315
38	37	3/8	3/8	6/8	1	1	1/8		1/8	1		-1	77		311
38	37	1/2	1/2	6/8	1	1	3/16		1/8	3/2		1	79		312
38	37	11/16	11/16	6/8	1	1	1/16		1/16	1		3	81		313
39	38	0	0	6/8	2	1	3/8		1/4	3/2		0	60		325
39	38	0	0	6/8	2	1	3/8		1/4	3/2		4	64		325
39	38	0	0	6/8	1	2	3/8		1/4	3/2		-2	70		323
39	38	0	0	6/8	1	1	1/8		1/8	1		6	78		318
39	38	1/8	1/8	6/8	1	1	1/4		1/4	1		1	79		319
39	38	3/8	3/8	6/8	2	1	3/8		1/4	3/2		-3	51		326
39	38	3/8	3/8	6/8	2	1	3/8		1/4	3/2		1	55		326
39	38	3/8	3/8	6/8	1	2	3/8		1/4	3/2		7	61		324
39	38	3/8	3/8	6/8	1	1	1/8		1/8	1		1	67		320
39	38	1/2	1/2	6/8	1	1	3/16		1/8	3/2		3	69		321
39	38	11/16	11/16	6/8	1	1	1/16		1/16	1		-2	70		322
40	39	0	0	6/8	2	1	3/8		1/4	3/2		2	50		334
40	39	0	0	6/8	2	1	3/8		1/4	3/2		6	54		334
40	39	0	0	6/8	1	2	3/8		1/4	3/2		0	60		332
40	39	0	0	6/8	1	1	1/8		1/8	1		8	68		327
40	39	1/8	1/8	6/8	1	1	1/4		1/4	1		3	69		328
40	39	3/8	3/8	6/8	2	1	3/8		1/4	3/2		-3	63		335
40	39	3/8	3/8	6/8	2	1	3/8		1/4	3/2		1	67		335
40	39	3/8	3/8	6/8	1	2	3/8		1/4	3/2		7	73		333
40	39	3/8	3/8	6/8	1	1	1/8		1/8	1		1	79		329
40	39	1/2	1/2	6/8	1	1	3/16		1/8	3/2		3	81		330
40	39	11/16	11/16	6/8	1	1	1/16		1/16	1		-2	82		331
41	40	0	0	6/8	2	1	3/8		1/4	3/2		2	62		343
41	40	0	0	6/8	2	1	3/8		1/4	3/2		6	66		343
41	40	0	0	6/8	1	2	3/8		1/4	3/2		0	72		341
41	40	0	0	6/8	1	1	1/8		1/8	1		8	80		336
41	40	1/8	1/8	6/8	1	1	1/4		1/4	1		3	81		337
41	40	3/8	3/8	6/8	2	1	3/8		1/4	3/2		-1	53		344
41	40	3/8	3/8	6/8	2	1	3/8		1/4	3/2		3	57		344
41	40	3/8	3/8	6/8	1	2	3/8		1/4	3/2		9	63		342
41	40	3/8	3/8	6/8	1	1	1/8		1/8	1		3	69		338
41	40	1/2	1/2	6/8	1	1	3/16		1/8	3/2		5	71		339
41	40	11/16	11/16	6/8	1	1	1/16		1/16	1		0	72		340
42	41	0	0	6/8	2	1	3/8		1/4	3/2		5	47		351
42	41	0	0	6/8	2	1	3/8		1/4	3/2		6	54		351
42	41	0	0	6/8	2	1	3/8		1/4	3/2		3	57		351
42	41	0	0	6/8	1	1	1/4		1/4	1		9	63		345
42	41	0	0	6/8	1	1	1/4		1/4	1		0	72		345
42	41	1/4	1/4	6/8	1	1	1/8		1/8	1		9	63		346
42	41	3/8	3/8	6/8	2	1	3/8		1/4	3/2		-1	65		352
42	41	3/8	3/8	6/8	2	1	3/8		1/4	3/2		3	69		352
42	41	3/8	3/8	6/8	1	2	3/8		1/4	3/2		9	75		350
42	41	3/8	3/8	6/8	1	1	1/8		1/8	1		3	81		347
42	41	1/2	1/2	6/8	1	1	3/16		1/8	3/2		5	83		348
42	41	11/16	11/16	6/8	1	1	1/16		1/16	1		0	84		349
43	42	0	0	6/8	2	1	3/8		1/4	3/2		5	59		359
43	42	0	0	6/8	2	1	3/8		1/4	3/2		6	66		359
43	42	0	0	6/8	2	1	3/8		1/4	3/2		3	69		359
43	42	0	0	6/8	1	1	1/4		1/4	1		9	75		353
43	42	0	0	6/8	1	1	1/4		1/4	1		0	84		353
43	42	1/4	1/4	6/8	1	1	1/8		1/8	1		9	75		354
43	42	3/8	3/8	6/8	2	1	3/8		1/4	3/2		6	54		360
43	42	3/8	3/8	6/8	1	2	3/8		1/4	3/2		0	60		358
43	42	3/8	3/8	6/8	1	2	3/8		1/4	3/2		9	63		358
43	42	3/8	3/8	6/8	1	1	1/8		1/8	1		3	69		355
43	42	1/2	1/2	6/8	1	1	3/16		1/8	3/2		5	71		356
43	42	11/16	11/16	6/8	1	1	1/16		1/16	1		12	72		357
44	43	0	0	6/8	2	1	3/8		1/4	3/2		9	51		368
44	43	0	0	6/8	2	1	3/8		1/4	3/2		3	57		368
44	43	0	0	6/8	1	1	1/8		1/8	1		12	60		361
44	43	0	0	6/8	1	2	3/8		1/4	3/2		6	66		367
44	43	0	0	6/8	1	1	1/8		1/8	1		12	72		361
44	43	1/8	1/8	6/8	1	1	1/8		1/8	1		7	61		362
44	43	1/8	1/8	6/8	1	1	1/8		1/8	1		7	73		362
44	43	1/4	1/4	6/8	1	1	1/8		1/8	1		2	62		363
44	43	1/4	1/4	6/8	1	1	1/8		1/8	1		2	74		363
44	43	3/8	3/8	6/8	2	1	1/4		1/4	1		12	48		369
44	43	3/8	3/8	6/8	2	1	1/4		1/4	1		6	54		369
44	43	3/8	3/8	6/8	2	1	1/4		1/4	1		8	56		369
44	43	3/8	3/8	6/8	1	1	1/8		1/8	1		9	63		364
44	43	3/8	3/8	6/8	1	1	1/8		1/8	1		9	75		364
44	43	1/2	1/2	6/8	1	1	3/16		1/8	3/2		6	66		365
44	43	1/2	1/2	6/8	1	1	3/16		1/8	3/2		6	78		365
44	43	5/8	5/8	6/8	2	1	1/8		1/8	1		8	44		370
44	43	5/8	5/8	6/8	2	1	1/8		1/8	1		12	60		370
44	43	11/16	11/16	6/8	1	1	1/16		1/16	1		4	76		366
45	44	0	0	6/8	2	1	3/8		1/4	3/2	1	3	45		373
45	44	0	0	6/8	2	1	3/8		1/4	3/2	1	4	52		373
45	44	0	0	6/8	1	1	3/8		1/4	3/2		9	75		371
45	44	3/8	3/8	6/8	2	1	1/8		1/8	1	-1	3	45		374
45	44	3/8	3/8	6/8	2	1	1/8		1/8	1	-1	4	52		374
45	44	3/8	3/8	6/8	1	1	1/4		1/4	1		7	73		372
45	44	1/2	1/2	6/8	2	1	1/8		1/8	1		4	64		375
45	44	5/8	5/8	6/8	2	1	1/8		1/8	1		11	65		376
46	45	0	0	6/8	2	2	3/4		1/2	3/2		3	57		387
46	45	0	0	6/8	2	1	3/8		1/4	3/2		6	66		385
46	45	0	0	6/8	1	2	3/8		1/4	3/2	1	7	73		382
46	45	0	0	6/8	1	1	1/8		1/8	1		9	75		377
46	45	0	0	6/8	1	1	1/8		1/8	1		7	85		377
46	45	1/8	1/8	6/8	1	1	1/4		1/4	1		9	75		378
46	45	3/8	3/8	6/8	2	1	3/8		1/4	3/2		9	63		386
46	45	3/8	3/8	6/8	1	2	1/4		1/4	1	-1	7	73		383
46	45	3/8	3/8	6/8	1	1	1/8		1/8	1		6	78		379
46	45	1/2	1/2	6/8	1	1	3/16		1/8	3/2		8	80		380
46	45	5/8	5/8	6/8	1	2	1/8		1/8	1		0	72		384
46	45	11/16	11/16	6/8	1	1	1/16		1/16	1		3	81		381
47	46	0	0	6/8	2	2	3/8		1/4	3/2		8	56		396
47	46	0	0	6/8	2	1	3/8		1/4	3/2		4	64		394
47	46	0	0	6/8	1	2	3/8		1/4	3/2		5	71		392
47	46	0	0	6/8	1	1	1/8		1/8	1		10	82		388
47	46	1/8	1/8	6/8	1	1	1/4		1/4	1	1	5	83		389
47	46	3/8	3/8	6/8	2	2	3/8		1/4	3/2		7	61		397
47	46	3/8	3/8	6/8	2	1	3/8		1/4	3/2		8	68		395
47	46	3/8	3/8	6/8	1	2	3/8		1/4	3/2		4	76		393
47	46	3/8	3/8	6/8	1	1	1/8		1/8	1	-1	5	83		390
47	46	1/2	1/2	6/8	1	1	1/4		1/4	1		5	83		391
48	47	0	0	6/8	2	2	3/4		1/2	3/2		6	54		408
48	47	0	0	6/8	2	1	3/8		1/4	3/2		4	64		406
48	47	0	0	6/8	1	2	3/8		1/4	3/2	1	5	71		403
48	47	0	0	6/8	1	1	1/8		1/8	1		7	73		398
48	47	0	0	6/8	1	1	1/8		1/8	1		5	83		398
48	47	1/8	1/8	6/8	1	1	1/4		1/4	1		7	73		399
48	47	3/8	3/8	6/8	2	1	3/8		1/4	3/2		7	61		407
48	47	3/8	3/8	6/8	1	2	1/4		1/4	1	-1	5	71		404
48	47	3/8	3/8	6/8	1	1	1/8		1/8	1		4	76		400
48	47	1/2	1/2	6/8	1	1	3/16		1/8	3/2		6	78		401
48	47	5/8	5/8	6/8	1	2	1/8		1/8	1		10	70		405
48	47	11/16	11/16	6/8	1	1	1/16		1/16	1		8	80		402
49	48	0	0	6/8	2	2	3/8		1/4	3/2		5	59		416
49	48	0	0	6/8	2	1	3/4		1/2	3/2		6	66		415
49	48	0	0	6/8	1	2	3/8		1/4	3/2	1	3	69		413
49	48	0	0	6/8	1	3	3/4		1/2	3/2		9	75		414
49	48	0	0	6/8	1	1	1/8		1/8	1		8	80		409
49	48	1/8	1/8	6/8	1	1	1/4		1/4	1	1	3	81		410
49	48	3/8	3/8	6/8	2	2	3/8		1/4	3/2		0	60		417
49	48	3/8	3/8	6/8	1	1	1/8		1/8	1	-1	3	69		411
49	48	3/8	3/8	6/8	1	1	1/8		1/8	1	-1	3	81		411
49	48	1/2	1/2	6/8	1	1	1/4		1/4	1	1	3	69		412
49	48	1/2	1/2	6/8	1	1	1/4		1/4	1	1	3	81		412
50	49	0	0	6/8	2	1	3/4		1/2	3/2		9	51		424
50	49	0	0	6/8	2	1	3/4		1/2	3/2		6	54		424
50	49	0	0	6/8	2	1	3/4		1/2	3/2		0	60		424
50	49	0	0	6/8	2	1	3/4		1/2	3/2		9	63		424
50	49	0	0	6/8	1	1	1/8		1/8	1	-1	3	69		418
50	49	0	0	6/8	1	1	1/8		1/8	1	-1	3	81		418
50	49	1/8	1/8	6/8	1	1	3/16		1/8	3/2		0	72		419
50	49	1/8	1/8	6/8	1	1	3/16		1/8	3/2		0	84		419
50	49	5/16	5/16	6/8	1	1	1/16		1/16	1		5	71		420
50	49	5/16	5/16	6/8	1	1	1/16		1/16	1		5	83		420
50	49	3/8	3/8	6/8	1	1	1/8		1/8	1		5	71		421
50	49	3/8	3/8	6/8	1	1	1/8		1/8	1		5	83		421
50	49	1/2	1/2	6/8	1	1	1/8		1/8	1		6	66		422
50	49	1/2	1/2	6/8	1	1	1/8		1/8	1		6	78		422
50	49	5/8	5/8	6/8	1	1	1/8		1/8	1	1	8	68		423
50	49	5/8	5/8	6/8	1	1	1/8		1/8	1	1	8	80		423
51	50	0	0	6/8	2	2	3/8		1/4	3/2	1	0	60		433
51	50	0	0	6/8	2	1	3/8		1/4	3/2		9	63		429
51	50	0	0	6/8	1	1	1/8		1/8	1	-1	8	68		425
51	50	0	0	6/8	1	1	1/8		1/8	1	-1	8	80		425
51	50	1/8	1/8	6/8	1	1	1/4		1/4	1	1	3	69		426
51	50	1/8	1/8	6/8	1	1	1/4		1/4	1	1	3	81		426
51	50	3/8	3/8	6/8	2	2	3/8		1/4	3/2		7	61		434
51	50	3/8	3/8	6/8	2	1	1/8		1/8	1		4	64		430
51	50	3/8	3/8	6/8	1	1	1/8		1/8	1	-1	3	69		427
51	50	3/8	3/8	6/8	1	1	1/8		1/8	1	-1	3	81		427
51	50	1/2	1/2	6/8	2	1	1/8		1/8	1		11	65		431
51	50	1/2	1/2	6/8	1	1	1/4		1/4	1	1	3	69		428
51	50	1/2	1/2	6/8	1	1	1/4		1/4	1	1	3	81		428
51	50	5/8	5/8	6/8	2	1	1/8		1/8	1		6	66		432
52	51	0	0	6/8	2	1	3/4		1/2	3/2		4	52		441
52	51	0	0	6/8	2	1	3/4		1/2	3/2		1	55		441
52	51	0	0	6/8	2	1	3/4		1/2	3/2		7	61		441
52	51	0	0	6/8	2	1	3/4		1/2	3/2		4	64		441
52	51	0	0	6/8	1	1	1/8		1/8	1	-1	3	69		435
52	51	0	0	6/8	1	1	1/8		1/8	1	-1	3	81		435
52	51	1/8	1/8	6/8	1	1	3/16		1/8	3/2		7	73		436
52	51	1/8	1/8	6/8	1	1	3/16		1/8	3/2		7	85		436
52	51	5/16	5/16	6/8	1	1	1/16		1/16	1		5	71		437
52	51	5/16	5/16	6/8	1	1	1/16		1/16	1		5	83		437
52	51	3/8	3/8	6/8	1	1	1/8		1/8	1		5	71		438
52	51	3/8	3/8	6/8	1	1	1/8		1/8	1		5	83		438
52	51	1/2	1/2	6/8	1	1	1/8		1/8	1		1	67		439
52	51	1/2	1/2	6/8	1	1	1/8		1/8	1		1	79		439
52	51	5/8	5/8	6/8	1	1	1/8		1/8	1		8	68		440
52	51	5/8	5/8	6/8	1	1	1/8		1/8	1		8	80		440
53	52	0	0	6/8	2	1	3/4		1/2	3/2		11	53		448
53	52	0	0	6/8	2	1	3/4		1/2	3/2		3	57		448
53	52	0	0	6/8	2	1	3/4		1/2	3/2		7	61		448
53	52	0	0	6/8	1	1	1/8		1/8	1		3	69		442
53	52	0	0	6/8	1	1	1/8		1/8	1		3	81		442
53	52	1/8	1/8	6/8	1	1	3/16		1/8	3/2		7	73		443
53	52	1/8	1/8	6/8	1	1	3/16		1/8	3/2		7	85		443
53	52	5/16	5/16	6/8	1	1	1/16		1/16	1		5	71		444
53	52	5/16	5/16	6/8	1	1	1/16		1/16	1		5	83		444
53	52	3/8	3/8	6/8	1	1	1/8		1/8	1		5	71		445
53	52	3/8	3/8	6/8	1	1	1/8		1/8	1		5	83		445
53	52	1/2	1/2	6/8	1	1	1/8		1/8	1		8	68		446
53	52	1/2	1/2	6/8	1	1	1/8		1/8	1		8	80		446
53	52	5/8	5/8	6/8	1	1	1/8		1/8	1	1	3	69		447
53	52	5/8	5/8	6/8	1	1	1/8		1/8	1	1	3	81		447
54	53	0	0	6/8	2	2	1/8		1/8	1		6	54		457
54	53	0	0	6/8	2	1	3/8		1/4	3/2		6	54		455
54	53	0	0	6/8	1	1	1/8		1/8	1	-1	3	69		449
54	53	0	0	6/8	1	1	1/8		1/8	1	-1	3	81		449
54	53	1/8	1/8	6/8	2	2	1/8		1/8	1		3	57		458
54	53	1/8	1/8	6/8	1	1	3/16		1/8	3/2		2	74		450
54	53	1/8	1/8	6/8	1	1	3/16		1/8	3/2		2	86		450
54	53	1/4	1/4	6/8	2	2	1/8		1/8	1		9	63		459
54	53	5/16	5/16	6/8	1	1	1/16		1/16	1		7	73		451
54	53	5/16	5/16	6/8	1	1	1/16		1/16	1		7	85		451
54	53	3/8	3/8	6/8	2	2	1/8		1/8	1		1	55		460
54	53	3/8	3/8	6/8	2	1	3/8		1/4	3/2		1	55		456
54	53	3/8	3/8	6/8	1	1	1/8		1/8	1		7	73		452
54	53	3/8	3/8	6/8	1	1	1/8		1/8	1		7	85		452
54	53	1/2	1/2	6/8	2	2	1/8		1/8	1		4	64		461
54	53	1/2	1/2	6/8	1	1	1/8		1/8	1		10	70		453
54	53	1/2	1/2	6/8	1	1	1/8		1/8	1		10	82		453
54	53	5/8	5/8	6/8	2	2	1/8		1/8	1		1	55		462
54	53	5/8	5/8	6/8	1	1	1/8		1/8	1	1	5	71		454
54	53	5/8	5/8	6/8	1	1	1/8		1/8	1	1	5	83		454
55	54	0	0	6/8	2	2	1/8		1/8	1		8	56		471
55	54	0	0	6/8	2	1	3/8		1/4	3/2		8	56		469
55	54	0	0	6/8	1	1	1/8		1/8	1	-1	5	71		463
55	54	0	0	6/8	1	1	1/8		1/8	1	-1	5	83		463
55	54	1/8	1/8	6/8	2	2	1/8		1/8	1		5	59		472
55	54	1/8	1/8	6/8	1	1	3/16		1/8	3/2		4	76		464
55	54	1/8	1/8	6/8	1	1	3/16		1/8	3/2		4	88		464
55	54	1/4	1/4	6/8	2	2	1/8		1/8	1		11	65		473
55	54	5/16	5/16	6/8	1	1	1/16		1/16	1		2	74		465
55	54	5/16	5/16	6/8	1	1	1/16		1/16	1		2	86		465
55	54	3/8	3/8	6/8	2	2	1/8		1/8	1		3	57		474
55	54	3/8	3/8	6/8	2	1	3/8		1/4	3/2		3	57		470
55	54	3/8	3/8	6/8	1	1	1/8		1/8	1		2	74		466
55	54	3/8	3/8	6/8	1	1	1/8		1/8	1		2	86		466
55	54	1/2	1/2	6/8	2	2	1/8		1/8	1		6	66		475
55	54	1/2	1/2	6/8	1	1	1/8		1/8	1		12	72		467
55	54	1/2	1/2	6/8	1	1	1/8		1/8	1		12	84		467
55	54	5/8	5/8	6/8	2	2	1/8		1/8	1		3	57		476
55	54	5/8	5/8	6/8	1	1	1/8		1/8	1		7	73		468
55	54	5/8	5/8	6/8	1	1	1/8		1/8	1		7	85		468
56	55	0	0	6/8	2	1	1/8		1/8	1		10	46		483
56	55	0	0	6/8	1	2	3/4		1/2	3/2		4	64		482
56	55	0	0	6/8	1	1	1/8		1/8	1		7	73		477
56	55	1/8	1/8	6/8	2	1	1/8		1/8	1		6	54		484
56	55	1/8	1/8	6/8	1	1	3/16		1/8	3/2		9	75		478
56	55	1/4	1/4	6/8	2	1	1/8		1/8	1		7	61		485
56	55	5/16	5/16	6/8	1	1	1/16		1/16	1		4	76		479
56	55	3/8	3/8	6/8	2	1	1/8		1/8	1		5	47		486
56	55	3/8	3/8	6/8	1	1	1/4		1/4	1		4	76		480
56	55	1/2	1/2	6/8	2	1	1/8		1/8	1		8	56		487
56	55	5/8	5/8	6/8	2	1	1/8		1/8	1		5	59		488
56	55	5/8	5/8	6/8	1	1	1/8		1/8	1		8	68		481
57	56	0	0	6/8	2	2	3/8		1/4	3/2		12	48		500
57	56	0	0	6/8	2	1	1/4		1/4	1		3	57		497
57	56	0	0	6/8	1	1	1/8		1/8	1		4	64		489
57	56	0	0	6/8	1	1	1/8		1/8	1		4	76		489
57	56	1/8	1/8	6/8	1	1	3/16		1/8	3/2		6	66		490
57	56	1/8	1/8	6/8	1	1	3/16		1/8	3/2		6	78		490
57	56	1/4	1/4	6/8	2	1	1/8		1/8	1	1	10	58		498
57	56	5/16	5/16	6/8	1	1	1/16		1/16	1		8	68		491
57	56	5/16	5/16	6/8	1	1	1/16		1/16	1		8	80		491
57	56	3/8	3/8	6/8	2	2	3/8		1/4	3/2		7	49		501
57	56	3/8	3/8	6/8	2	1	3/8		1/4	3/2	-1	10	58		499
57	56	3/8	3/8	6/8	1	1	1/8		1/8	1		8	68		492
57	56	3/8	3/8	6/8	1	1	1/8		1/8	1		8	80		492
57	56	1/2	1/2	6/8	1	1	1/8		1/8	1	1	6	66		493
57	56	1/2	1/2	6/8	1	2	1/8		1/8	1		6	66		495
57	56	1/2	1/2	6/8	1	1	1/8		1/8	1		6	78		493
57	56	5/8	5/8	6/8	1	2	1/8		1/8	1		4	64		496
57	56	5/8	5/8	6/8	1	1	1/8		1/8	1	-1	6	66		494
58	57	0	0	6/8	2	1	1/4		1/4	1		5	47		512
58	57	0	0	6/8	2	2	1/4		1/4	1		3	57		516
58	57	0	0	6/8	1	2	1/4		1/4	1	1	9	63		508
58	57	0	0	6/8	1	1	1/8		1/8	1		6	66		502
58	57	1/8	1/8	6/8	1	1	3/16		1/8	3/2		8	68		503
58	57	1/4	1/4	6/8	2	1	1/8		1/8	1		3	45		513
58	57	1/4	1/4	6/8	1	2	1/8		1/8	1		7	61		509
58	57	1/4	1/4	6/8	1	2	1/8		1/8	1	-1	9	63		509
58	57	5/16	5/16	6/8	1	1	1/16		1/16	1		3	69		504
58	57	3/8	3/8	6/8	2	1	1/4		1/4	1		8	44		514
58	57	3/8	3/8	6/8	1	2	1/4		1/4	1		5	59		510
58	57	3/8	3/8	6/8	1	2	1/4		1/4	1		2	62		510
58	57	3/8	3/8	6/8	1	1	1/8		1/8	1		5	71		505
58	57	1/2	1/2	6/8	1	1	1/8		1/8	1		4	64		506
58	57	5/8	5/8	6/8	2	1	1/8		1/8	1		6	42		515
58	57	5/8	5/8	6/8	1	2	1/8		1/8	1	1	2	62		511
58	57	5/8	5/8	6/8	1	1	1/8		1/8	1	1	3	69		507
58	57	5/8	5/8	6/8	1	1	1/8		1/8	1	1	5	71		507
58	57	5/8	5/8	6/8	1	1	1/8		1/8	1	1	2	74		507
59	58	0	0	6/8	2	2	3/8		1/4	3/2		11	41		532
59	58	0	0	6/8	2	1	3/8		1/4	3/2		5	47		529
59	58	0	0	6/8	1	2	1/8		1/8	1	-1	2	62		523
59	58	0	0	6/8	1	3	3/8		1/4	3/2		8	68		528
59	58	0	0	6/8	1	1	1/8		1/8	1	-1	5	71		517
59	58	0	0	6/8	1	1	1/8		1/8	1	-1	2	74		517
59	58	1/8	1/8	6/8	1	2	1/8		1/8	1		7	61		524
59	58	1/8	1/8	6/8	1	1	3/16		1/8	3/2		7	73		518
59	58	1/4	1/4	6/8	1	2	1/8		1/8	1	1	2	62		525
59	58	5/16	5/16	6/8	1	1	1/16		1/16	1		5	71		519
59	58	3/8	3/8	6/8	2	2	3/8		1/4	3/2		6	42		533
59	58	3/8	3/8	6/8	2	1	1/4		1/4	1		2	50		530
59	58	3/8	3/8	6/8	1	2	1/4		1/4	1	-1	2	62		526
59	58	3/8	3/8	6/8	1	1	1/8		1/8	1	-1	3	69		520
59	58	1/2	1/2	6/8	1	1	3/16		1/8	3/2		5	71		521
59	58	5/8	5/8	6/8	2	1	1/8		1/8	1		6	54		531
59	58	5/8	5/8	6/8	1	2	1/8		1/8	1		9	63		527
59	58	5/8	5/8	6/8	1	2	1/8		1/8	1		3	69		527
59	58	11/16	11/16	6/8	1	1	1/16		1/16	1		0	72		522
60	59	0	0	6/8	2	2	3/8		1/4	3/2		1	43		543
60	59	0	0	6/8	2	1	1/8		1/8	1		3	57		539
60	59	0	0	6/8	1	1	1/4		1/4	1		4	64		534
60	59	0	0	6/8	1	1	1/4		1/4	1		0	72		534
60	59	1/8	1/8	6/8	2	1	1/8		1/8	1		-4	56		540
60	59	1/4	1/4	6/8	2	1	1/8		1/8	1	1	1	55		541
60	59	1/4	1/4	6/8	1	1	1/8		1/8	1		4	64		535
60	59	3/8	3/8	6/8	2	2	3/8		1/4	3/2		-4	44		544
60	59	3/8	3/8	6/8	2	2	3/8		1/4	3/2		0	48		544
60	59	3/8	3/8	6/8	2	1	3/8		1/4	3/2	0	1	55		542
60	59	3/8	3/8	6/8	1	1	1/8		1/8	1		0	60		536
60	59	3/8	3/8	6/8	1	1	1/8		1/8	1		0	72		536
60	59	1/2	1/2	6/8	1	1	3/16		1/8	3/2		2	62		537
60	59	1/2	1/2	6/8	1	1	3/16		1/8	3/2		2	74		537
60	59	11/16	11/16	6/8	1	1	1/16		1/16	1		4	64		538
60	59	11/16	11/16	6/8	1	1	1/16		1/16	1		4	76		538
61	60	0	0	6/8	2	2	3/8		1/4	3/2		3	45		554
61	60	0	0	6/8	2	2	3/8		1/4	3/2		0	48		554
61	60	0	0	6/8	2	1	1/4		1/4	1	-1	1	55		550
61	60	0	0	6/8	1	1	1/8		1/8	1		4	64		545
61	60	0	0	6/8	1	1	1/8		1/8	1		4	76		545
61	60	1/8	1/8	6/8	1	1	1/4		1/4	1		2	62		546
61	60	1/8	1/8	6/8	1	1	1/4		1/4	1		2	74		546
61	60	1/4	1/4	6/8	2	1	1/8		1/8	1		6	54		551
61	60	3/8	3/8	6/8	2	2	3/8		1/4	3/2		5	47		555
61	60	3/8	3/8	6/8	2	2	3/8		1/4	3/2		-1	53		555
61	60	3/8	3/8	6/8	2	1	1/4		1/4	1		3	57		552
61	60	3/8	3/8	6/8	1	1	1/8		1/8	1		2	62		547
61	60	3/8	3/8	6/8	1	1	1/8		1/8	1		2	74		547
61	60	1/2	1/2	6/8	1	1	3/16		1/8	3/2		4	64		548
61	60	1/2	1/2	6/8	1	1	3/16		1/8	3/2		4	76		548
61	60	5/8	5/8	6/8	2	1	1/8		1/8	1		-4	56		553
61	60	11/16	11/16	6/8	1	1	1/16		1/16	1		-1	65		549
61	60	11/16	11/16	6/8	1	1	1/16		1/16	1		-1	77		549
62	61	0	0	6/8	2	1	1/4		1/4	1		-2	46		562
62	61	0	0	6/8	2	1	1/4		1/4	1		4	52		562
62	61	0	0	6/8	2	1	1/4		1/4	1		1	55		562
62	61	0	0	6/8	1	1	1/8		1/8	1		1	67		556
62	61	0	0	6/8	1	1	1/8		1/8	1		1	79		556
62	61	1/8	1/8	6/8	1	1	1/8		1/8	1		1	67		557
62	61	1/8	1/8	6/8	1	1	1/8		1/8	1		0	72		557
62	61	1/4	1/4	6/8	2	1	1/8		1/8	1		1	43		563
62	61	1/4	1/4	6/8	2	1	1/8		1/8	1		-3	51		563
62	61	1/4	1/4	6/8	1	1	1/8		1/8	1	1	-2	70		558
62	61	1/4	1/4	6/8	1	1	1/8		1/8	1	1	-2	82		558
62	61	3/8	3/8	6/8	2	1	1/4		1/4	1		4	40		564
62	61	3/8	3/8	6/8	2	1	1/4		1/4	1		2	50		564
62	61	3/8	3/8	6/8	1	1	1/8		1/8	1	-1	-2	70		559
62	61	3/8	3/8	6/8	1	1	1/8		1/8	1	-1	-2	82		559
62	61	1/2	1/2	6/8	1	1	3/16		1/8	3/2		3	69		560
62	61	1/2	1/2	6/8	1	1	3/16		1/8	3/2		3	81		560
62	61	5/8	5/8	6/8	2	1	1/8		1/8	1		7	49		565
62	61	5/8	5/8	6/8	2	1	1/8		1/8	1		-2	58		565
62	61	11/16	11/16	6/8	1	1	1/16		1/16	1		1	67		561
62	61	11/16	11/16	6/8	1	1	1/16		1/16	1		1	79		561
63	62	0	0	6/8	2	2	3/8		1/4	3/2		2	50		579
63	62	0	0	6/8	2	1	1/8		1/8	1		3	57		572
63	62	0	0	6/8	1	1	1/8		1/8	1		1	67		566
63	62	0	0	6/8	1	1	1/8		1/8	1		1	79		566
63	62	1/8	1/8	6/8	2	1	1/8		1/8	1	-1	0	60		573
63	62	1/8	1/8	6/8	1	1	1/8		1/8	1		6	66		567
63	62	1/8	1/8	6/8	1	1	1/8		1/8	1		6	78		567
63	62	1/4	1/4	6/8	2	1	1/16		1/16	1		5	59		574
63	62	1/4	1/4	6/8	1	1	1/8		1/8	1	1	0	72		568
63	62	1/4	1/4	6/8	1	1	1/8		1/8	1	1	0	84		568
63	62	5/16	5/16	6/8	2	1	1/16		1/16	1		3	57		575
63	62	3/8	3/8	6/8	2	2	3/8		1/4	3/2		9	51		580
63	62	3/8	3/8	6/8	2	1	1/8		1/8	1		1	55		576
63	62	3/8	3/8	6/8	1	1	1/8		1/8	1	-1	0	72		569
63	62	3/8	3/8	6/8	1	1	1/8		1/8	1	-1	0	84		569
63	62	1/2	1/2	6/8	2	1	1/8		1/8	1		6	54		577
63	62	1/2	1/2	6/8	1	1	3/16		1/8	3/2		5	71		570
63	62	1/2	1/2	6/8	1	1	3/16		1/8	3/2		5	83		570
63	62	5/8	5/8	6/8	2	1	1/8		1/8	1		-1	53		578
63	62	11/16	11/16	6/8	1	1	1/16		1/16	1		3	69		571
63	62	11/16	11/16	6/8	1	1	1/16		1/16	1		3	81		571
64	63	0	0	6/8	2	2	3/4		1/2	3/2		4	40		597
64	63	0	0	6/8	2	1	1/4		1/4	1	1	4	52		593
64	63	0	0	6/8	1	1	1/8		1/8	1		3	69		581
64	63	0	0	6/8	1	1	1/8		1/8	1		5	71		581
64	63	0	0	6/8	1	1	1/8		1/8	1		3	81		581
64	63	1/8	1/8	6/8	1	1	1/16		1/16	1		8	68		582
64	63	1/8	1/8	6/8	1	1	1/16		1/16	1		8	80		582
64	63	3/16	3/16	6/8	1	1	1/32		1/32	1		3	69		583
64	63	7/32	7/32	6/8	1	1	1/32		1/32	1		5	71		584
64	63	1/4	1/4	6/8	2	1	1/16		1/16	1	-1	4	52		594
64	63	1/4	1/4	6/8	1	1	1/40		1/32	4/5		7	73		585
64	63	11/40	11/40	6/8	1	1	1/40		1/32	4/5		2	74		586
64	63	3/10	3/10	6/8	1	1	1/40		1/32	4/5		4	76		587
64	63	5/16	5/16	6/8	2	1	1/16		1/16	1		9	51		595
64	63	13/40	13/40	6/8	1	1	1/40		1/32	4/5		6	78		588
64	63	7/20	7/20	6/8	1	1	1/40		1/32	4/5		8	80		589
64	63	3/8	3/8	6/8	2	1	3/8		1/4	3/2	1	2	50		596
64	63	3/8	3/8	6/8	1	1	1/8		1/8	1		3	69		590
64	63	3/8	3/8	6/8	1	1	1/8		1/8	1		6	78		590
64	63	3/8	3/8	6/8	1	1	1/8		1/8	1		3	81		590
64	63	1/2	1/2	6/8	1	1	3/16		1/8	3/2		6	66		591
64	63	1/2	1/2	6/8	1	1	3/16		1/8	3/2		2	74		591
64	63	1/2	1/2	6/8	1	1	3/16		1/8	3/2		6	78		591
64	63	11/16	11/16	6/8	1	1	1/16		1/16	1		2	62		592
64	63	11/16	11/16	6/8	1	1	1/16		1/16	1		5	71		592
64	63	11/16	11/16	6/8	1	1	1/16		1/16	1		2	74		592
65	64	0	0	6/8	2	2	3/4		1/2	3/2		4	40		613
65	64	0	0	6/8	2	1	1/4		1/4	1	-1	2	50		610
65	64	0	0	6/8	1	1	1/8		1/8	1		10	58		598
65	64	0	0	6/8	1	1	1/8		1/8	1		13	67		598
65	64	0	0	6/8	1	1	1/8		1/8	1		10	70		598
65	64	1/8	1/8	6/8	1	1	1/16		1/16	1		5	59		599
65	64	1/8	1/8	6/8	1	1	1/16		1/16	1		8	68		599
65	64	1/8	1/8	6/8	1	1	1/16		1/16	1		5	71		599
65	64	3/16	3/16	6/8	1	1	1/32		1/32	1		5	71		600
65	64	7/32	7/32	6/8	1	1	1/32		1/32	1		7	73		601
65	64	1/4	1/4	6/8	2	1	1/8		1/8	1		6	54		611
65	64	1/4	1/4	6/8	1	1	1/40		1/32	4/5		2	74		602
65	64	11/40	11/40	6/8	1	1	1/40		1/32	4/5		4	76		603
65	64	3/10	3/10	6/8	1	1	1/40		1/32	4/5		6	78		604
65	64	13/40	13/40	6/8	1	1	1/40		1/32	4/5		8	80		605
65	64	7/20	7/20	6/8	1	1	1/40		1/32	4/5		3	81		606
65	64	3/8	3/8	6/8	2	1	3/8		1/4	3/2	1	4	52		612
65	64	3/8	3/8	6/8	1	1	1/8		1/8	1		5	71		607
65	64	3/8	3/8	6/8	1	1	1/8		1/8	1		8	80		607
65	64	3/8	3/8	6/8	1	1	1/8		1/8	1		5	83		607
65	64	1/2	1/2	6/8	1	1	3/16		1/8	3/2		8	68		608
65	64	1/2	1/2	6/8	1	1	3/16		1/8	3/2		4	76		608
65	64	1/2	1/2	6/8	1	1	3/16		1/8	3/2		8	80		608
65	64	11/16	11/16	6/8	1	1	1/16		1/16	1		4	64		609
65	64	11/16	11/16	6/8	1	1	1/16		1/16	1		7	73		609
65	64	11/16	11/16	6/8	1	1	1/16		1/16	1		4	76		609
66	65	0	0	6/8	2	2	3/4		1/2	3/2		4	40		630
66	65	0	0	6/8	2	1	1/4		1/4	1	-1	4	52		626
66	65	0	0	6/8	1	1	1/8		1/8	1		12	60		614
66	65	0	0	6/8	1	1	1/8		1/8	1		8	68		614
66	65	0	0	6/8	1	1	1/8		1/8	1		12	72		614
66	65	1/8	1/8	6/8	1	1	1/16		1/16	1		7	61		615
66	65	1/8	1/8	6/8	1	1	1/16		1/16	1		3	69		615
66	65	1/8	1/8	6/8	1	1	1/16		1/16	1		7	73		615
66	65	3/16	3/16	6/8	1	1	1/32		1/32	1		7	73		616
66	65	7/32	7/32	6/8	1	1	1/32		1/32	1		2	74		617
66	65	1/4	1/4	6/8	2	1	1/8		1/8	1		8	56		627
66	65	1/4	1/4	6/8	1	1	1/40		1/32	4/5		4	76		618
66	65	11/40	11/40	6/8	1	1	1/40		1/32	4/5		6	78		619
66	65	3/10	3/10	6/8	1	1	1/40		1/32	4/5		8	80		620
66	65	13/40	13/40	6/8	1	1	1/40		1/32	4/5		3	81		621
66	65	7/20	7/20	6/8	1	1	1/40		1/32	4/5		5	83		622
66	65	3/8	3/8	6/8	2	1	1/4		1/4	1		6	54		628
66	65	3/8	3/8	6/8	1	1	1/8		1/8	1		7	73		623
66	65	3/8	3/8	6/8	1	1	1/8		1/8	1		3	81		623
66	65	3/8	3/8	6/8	1	1	1/8		1/8	1		7	85		623
66	65	1/2	1/2	6/8	1	1	3/16		1/8	3/2		3	69		624
66	65	1/2	1/2	6/8	1	1	3/16		1/8	3/2		6	78		624
66	65	1/2	1/2	6/8	1	1	3/16		1/8	3/2		3	81		624
66	65	5/8	5/8	6/8	2	1	1/8		1/8	1		3	57		629
66	65	11/16	11/16	6/8	1	1	1/16		1/16	1		6	66		625
66	65	11/16	11/16	6/8	1	1	1/16		1/16	1		2	74		625
66	65	11/16	11/16	6/8	1	1	1/16		1/16	1		6	78		625
67	66	0	0	6/8	2	2	3/8		1/4	3/2		4	52		643
67	66	0	0	6/8	2	2	3/8		1/4	3/2		8	56		643
67	66	0	0	6/8	1	1	1/8		1/8	1		4	64		631
67	66	0	0	6/8	1	1	1/8		1/8	1		7	73		631
67	66	0	0	6/8	1	1	1/8		1/8	1		4	76		631
67	66	1/8	1/8	6/8	1	1	1/16		1/16	1		2	62		632
67	66	1/8	1/8	6/8	1	1	1/16		1/16	1		5	71		632
67	66	1/8	1/8	6/8	1	1	1/16		1/16	1		2	74		632
67	66	3/16	3/16	6/8	1	1	1/32		1/32	1		2	74		633
67	66	7/32	7/32	6/8	1	1	1/32		1/32	1		4	76		634
67	66	1/4	1/4	6/8	1	1	1/40		1/32	4/5		6	78		635
67	66	11/40	11/40	6/8	1	1	1/40		1/32	4/5		8	80		636
67	66	3/10	3/10	6/8	1	1	1/40		1/32	4/5		3	81		637
67	66	13/40	13/40	6/8	1	1	1/40		1/32	4/5		5	83		638
67	66	7/20	7/20	6/8	1	1	1/40		1/32	4/5		7	85		639
67	66	3/8	3/8	6/8	2	2	3/8		1/4	3/2		-1	53		644
67	66	3/8	3/8	6/8	2	1	1/4		1/4	1		8	56		641
67	66	3/8	3/8	6/8	1	1	3/8		1/4	3/2		2	74		640
67	66	3/8	3/8	6/8	1	1	3/8		1/4	3/2		5	83		640
67	66	3/8	3/8	6/8	1	1	3/8		1/4	3/2		2	86		640
67	66	5/8	5/8	6/8	2	1	1/8		1/8	1		3	57		642
68	67	0	0	6/8	2	2	3/8		1/4	3/2		4	52		659
68	67	0	0	6/8	2	1	1/8		1/8	1		10	58		657
68	67	0	0	6/8	1	1	3/16		1/8	3/2		2	74		645
68	67	0	0	6/8	1	1	3/16		1/8	3/2		8	80		645
68	67	0	0	6/8	1	1	3/16		1/8	3/2		2	86		645
68	67	1/8	1/8	6/8	2	1	1/4		1/4	1		5	59		658
68	67	3/16	3/16	6/8	1	1	1/32		1/32	1		2	74		646
68	67	7/32	7/32	6/8	1	1	1/32		1/32	1		4	76		647
68	67	1/4	1/4	6/8	1	1	1/48		1/32	2/3		6	78		648
68	67	13/48	13/48	6/8	1	1	1/48		1/32	2/3		8	80		649
68	67	7/24	7/24	6/8	1	1	1/48		1/32	2/3		3	81		650
68	67	5/16	5/16	6/8	1	1	1/48		1/32	2/3		10	82		651
68	67	1/3	1/3	6/8	1	1	1/48		1/32	2/3		5	83		652
68	67	17/48	17/48	6/8	1	1	1/48		1/32	2/3		7	85		653
68	67	3/8	3/8	6/8	2	2	1/4		1/4	1		4	52		660
68	67	3/8	3/8	6/8	2	2	1/4		1/4	1		4	64		660
68	67	3/8	3/8	6/8	1	1	1/8		1/8	1		2	74		654
68	67	3/8	3/8	6/8	1	1	1/8		1/8	1		5	83		654
68	67	3/8	3/8	6/8	1	1	1/8		1/8	1		2	86		654
68	67	1/2	1/2	6/8	1	1	3/16		1/8	3/2		5	71		655
68	67	1/2	1/2	6/8	1	1	3/16		1/8	3/2		8	80		655
68	67	1/2	1/2	6/8	1	1	3/16		1/8	3/2		5	83		655
68	67	11/16	11/16	6/8	1	1	1/16		1/16	1		6	66		656
68	67	11/16	11/16	6/8	1	1	1/16		1/16	1		2	74		656
68	67	11/16	11/16	6/8	1	1	1/16		1/16	1		6	78		656
69	68	0	0	6/8	2	2	3/8		1/4	3/2		4	52		673
69	68	0	0	6/8	2	2	3/8		1/4	3/2		8	56		673
69	68	0	0	6/8	1	1	1/8		1/8	1		4	64		661
69	68	0	0	6/8	1	1	1/8		1/8	1		7	73		661
69	68	0	0	6/8	1	1	1/8		1/8	1		4	76		661
69	68	1/8	1/8	6/8	1	1	1/16		1/16	1		2	62		662
69	68	1/8	1/8	6/8	1	1	1/16		1/16	1		5	71		662
69	68	1/8	1/8	6/8	1	1	1/16		1/16	1		2	74		662
69	68	3/16	3/16	6/8	1	1	1/32		1/32	1		2	74		663
69	68	7/32	7/32	6/8	1	1	1/32		1/32	1		4	76		664
69	68	1/4	1/4	6/8	1	1	1/40		1/32	4/5		6	78		665
69	68	11/40	11/40	6/8	1	1	1/40		1/32	4/5		8	80		666
69	68	3/10	3/10	6/8	1	1	1/40		1/32	4/5		3	81		667
69	68	13/40	13/40	6/8	1	1	1/40		1/32	4/5		5	83		668
69	68	7/20	7/20	6/8	1	1	1/40		1/32	4/5		7	85		669
69	68	3/8	3/8	6/8	2	2	3/8		1/4	3/2		-1	53		674
69	68	3/8	3/8	6/8	2	1	1/4		1/4	1		8	56		671
69	68	3/8	3/8	6/8	1	1	3/8		1/4	3/2		2	74		670
69	68	3/8	3/8	6/8	1	1	3/8		1/4	3/2		5	83		670
69	68	3/8	3/8	6/8	1	1	3/8		1/4	3/2		2	86		670
69	68	5/8	5/8	6/8	2	1	1/8		1/8	1		3	57		672
70	69	0	0	6/8	2	2	1/4		1/4	1		4	52		691
70	69	0	0	6/8	2	1	1/8		1/8	1		10	58		688
70	69	0	0	6/8	1	1	3/16		1/8	3/2		2	74		675
70	69	0	0	6/8	1	1	3/16		1/8	3/2		8	80		675
70	69	0	0	6/8	1	1	3/16		1/8	3/2		2	86		675
70	69	1/8	1/8	6/8	2	1	1/4		1/4	1		5	59		689
70	69	3/16	3/16	6/8	1	1	1/48		1/32	2/3		4	76		676
70	69	5/24	5/24	6/8	1	1	1/48		1/32	2/3		6	78		677
70	69	11/48	11/48	6/8	1	1	1/48		1/32	2/3		8	80		678
70	69	1/4	1/4	6/8	1	1	1/48		1/32	2/3		3	81		679
70	69	13/48	13/48	6/8	1	1	1/48		1/32	2/3		5	83		680
70	69	7/24	7/24	6/8	1	1	1/48		1/32	2/3		7	85		681
70	69	5/16	5/16	6/8	1	1	1/48		1/32	2/3		2	86		682
70	69	1/3	1/3	6/8	1	1	1/48		1/32	2/3		4	88		683
70	69	17/48	17/48	6/8	1	1	1/48		1/32	2/3		11	89		684
70	69	3/8	3/8	6/8	2	1	1/4		1/4	1		4	40		690
70	69	3/8	3/8	6/8	2	1	1/4		1/4	1		4	52		690
70	69	3/8	3/8	6/8	1	1	1/8		1/8	1		2	86		685
70	69	3/8	3/8	6/8	1	1	1/8		1/8	1		6	90		685
70	69	1/2	1/2	6/8	1	1	3/16		1/8	3/2		5	83		686
70	69	1/2	1/2	6/8	1	1	3/16		1/8	3/2		2	86		686
70	69	11/16	11/16	6/8	1	1	1/16		1/16	1		2	74		687
70	69	11/16	11/16	6/8	1	1	1/16		1/16	1		5	83		687
71	70	0	0	6/8	2	2	1/4		1/4	1		4	40		707
71	70	0	0	6/8	2	2	1/4		1/4	1		5	47		707
71	70	0	0	6/8	2	1	1/8		1/8	1		-1	53		702
71	70	0	0	6/8	1	1	1/8		1/8	1		2	74		692
71	70	0	0	6/8	1	1	1/8		1/8	1		3	81		692
71	70	1/8	1/8	6/8	2	1	1/8		1/8	1		4	52		703
71	70	1/8	1/8	6/8	1	1	1/16		1/16	1		8	80		693
71	70	3/16	3/16	6/8	1	1	1/32		1/32	1		2	74		694
71	70	7/32	7/32	6/8	1	1	1/32		1/32	1		4	76		695
71	70	1/4	1/4	6/8	2	1	1/8		1/8	1		-3	51		704
71	70	1/4	1/4	6/8	1	1	1/40		1/32	4/5		6	78		696
71	70	11/40	11/40	6/8	1	1	1/40		1/32	4/5		1	79		697
71	70	3/10	3/10	6/8	1	1	1/40		1/32	4/5		3	81		698
71	70	13/40	13/40	6/8	1	1	1/40		1/32	4/5		5	83		699
71	70	7/20	7/20	6/8	1	1	1/40		1/32	4/5		7	85		700
71	70	3/8	3/8	6/8	2	2	3/8		1/4	3/2		-4	44		708
71	70	3/8	3/8	6/8	2	2	3/8		1/4	3/2		2	50		708
71	70	3/8	3/8	6/8	2	2	3/8		1/4	3/2		6	54		708
71	70	3/8	3/8	6/8	2	1	1/4		1/4	1		5	59		705
71	70	3/8	3/8	6/8	1	1	3/8		1/4	3/2		6	78		701
71	70	3/8	3/8	6/8	1	1	3/8		1/4	3/2		2	86		701
71	70	5/8	5/8	6/8	2	1	1/8		1/8	1		0	60		706
72	71	0	0	6/8	2	2	1/4		1/4	1		1	43		725
72	71	0	0	6/8	2	2	1/4		1/4	1		-1	53		725
72	71	0	0	6/8	2	1	1/8		1/8	1		7	61		722
72	71	0	0	6/8	1	1	3/16		1/8	3/2		2	74		709
72	71	0	0	6/8	1	1	3/16		1/8	3/2		-1	77		709
72	71	0	0	6/8	1	1	3/16		1/8	3/2		5	83		709
72	71	0	0	6/8	1	1	3/16		1/8	3/2		2	86		709
72	71	1/8	1/8	6/8	2	1	1/4		1/4	1		2	62		723
72	71	3/16	3/16	6/8	1	1	1/48		1/32	2/3		1	79		710
72	71	5/24	5/24	6/8	1	1	1/48		1/32	2/3		3	81		711
72	71	11/48	11/48	6/8	1	1	1/48		1/32	2/3		5	83		712
72	71	1/4	1/4	6/8	1	1	1/48		1/32	2/3		0	84		713
72	71	13/48	13/48	6/8	1	1	1/48		1/32	2/3		2	86		714
72	71	7/24	7/24	6/8	1	1	1/48		1/32	2/3		4	88		715
72	71	5/16	5/16	6/8	1	1	1/48		1/32	2/3		-1	89		716
72	71	1/3	1/3	6/8	1	1	1/48		1/32	2/3		1	91		717
72	71	17/48	17/48	6/8	1	1	1/48		1/32	2/3		8	92		718
72	71	3/8	3/8	6/8	2	2	3/8		1/4	3/2		1	43		726
72	71	3/8	3/8	6/8	1	1	1/8		1/8	1		-1	89		719
72	71	3/8	3/8	6/8	1	1	1/8		1/8	1		3	93		719
72	71	1/2	1/2	6/8	1	1	3/16		1/8	3/2		2	86		720
72	71	1/2	1/2	6/8	1	1	3/16		1/8	3/2		-1	89		720
72	71	5/8	5/8	6/8	2	1	1/8		1/8	1		3	57		724
72	71	11/16	11/16	6/8	1	1	1/16		1/16	1		-1	77		721
72	71	11/16	11/16	6/8	1	1	1/16		1/16	1		2	86		721
73	72	0	0	6/8	2	2	1/4		1/4	1		1	43		746
73	72	0	0	6/8	2	2	1/4		1/4	1		2	50		746
73	72	0	0	6/8	2	1	1/8		1/8	1		-4	56		741
73	72	0	0	6/8	1	1	1/8		1/8	1		-1	77		727
73	72	0	0	6/8	1	1	1/8		1/8	1		0	84		727
73	72	1/8	1/8	6/8	2	1	1/8		1/8	1		1	55		742
73	72	1/8	1/8	6/8	1	1	1/16		1/16	1		5	83		728
73	72	3/16	3/16	6/8	1	1	1/32		1/32	1		2	74		729
73	72	7/32	7/32	6/8	1	1	1/32		1/32	1		4	76		730
73	72	1/4	1/4	6/8	2	1	1/8		1/8	1		-6	54		743
73	72	1/4	1/4	6/8	1	1	1/40		1/32	4/5		6	78		731
73	72	11/40	11/40	6/8	1	1	1/40		1/32	4/5		1	79		732
73	72	3/10	3/10	6/8	1	1	1/40		1/32	4/5		3	81		733
73	72	13/40	13/40	6/8	1	1	1/40		1/32	4/5		-2	82		734
73	72	7/20	7/20	6/8	1	1	1/40		1/32	4/5		0	84		735
73	72	3/8	3/8	6/8	2	2	3/8		1/4	3/2		0	48		747
73	72	3/8	3/8	6/8	2	1	1/4		1/4	1		-1	53		744
73	72	3/8	3/8	6/8	1	2	1/8		1/8	1		3	81		739
73	72	3/8	3/8	6/8	1	1	1/8		1/8	1		2	86		736
73	72	1/2	1/2	6/8	1	2	1/4		1/4	1		1	79		740
73	72	1/2	1/2	6/8	1	1	1/8		1/8	1		9	87		737
73	72	5/8	5/8	6/8	2	1	1/8		1/8	1		4	52		745
73	72	5/8	5/8	6/8	1	1	1/8		1/8	1		4	88		738
74	73	0	0	6/8	2	2	1/4		1/4	1		5	47		774
74	73	0	0	6/8	2	1	1/16		1/16	1		9	51		756
74	73	0	0	6/8	1	2	1/4		1/4	1		9	87		752
74	73	0	0	6/8	1	1	1/8		1/8	1		11	89		748
74	73	1/16	1/16	6/8	2	1	1/16		1/16	1		6	54		757
74	73	1/8	1/8	6/8	2	1	1/16		1/16	1		3	57		758
74	73	1/8	1/8	6/8	1	1	1/8		1/8	1		6	90		749
74	73	3/16	3/16	6/8	2	1	1/16		1/16	1		9	63		759
74	73	1/4	1/4	6/8	2	1	1/64		1/64	1		6	66		760
74	73	17/64	17/64	6/8	2	1	1/64		1/64	1		8	68		761
74	73	9/32	9/32	6/8	2	1	1/64		1/64	1		3	69		762
74	73	19/64	19/64	6/8	2	1	1/64		1/64	1		5	71		763
74	73	5/16	5/16	6/8	2	1	1/64		1/64	1		7	73		764
74	73	21/64	21/64	6/8	2	1	1/64		1/64	1		9	75		765
74	73	11/32	11/32	6/8	2	1	1/64		1/64	1		4	76		766
74	73	23/64	23/64	6/8	2	1	1/64		1/64	1		-1	77		767
74	73	3/8	3/8	6/8	2	1	1/16		1/16	1		4	40		768
74	73	3/8	3/8	6/8	2	1	1/16		1/16	1		2	50		768
74	73	3/8	3/8	6/8	1	2	1/8		1/8	1		6	66		753
74	73	3/8	3/8	6/8	1	1	1/4		1/4	1		2	74		750
74	73	3/8	3/8	6/8	1	1	1/4		1/4	1		6	78		750
74	73	7/16	7/16	6/8	2	1	1/16		1/16	1		5	59		769
74	73	1/2	1/2	6/8	2	1	1/16		1/16	1		0	60		770
74	73	1/2	1/2	6/8	1	2	1/8		1/8	1		13	67		754
74	73	9/16	9/16	6/8	2	1	1/16		1/16	1		7	61		771
74	73	5/8	5/8	6/8	2	1	1/16		1/16	1		2	62		772
74	73	5/8	5/8	6/8	1	1	1/8		1/8	1		8	68		751
74	73	5/8	5/8	6/8	1	2	1/8		1/8	1		8	68		755
74	73	11/16	11/16	6/8	2	1	1/16		1/16	1		4	52		773
75	74	0	0	6/8	2	1	3/8		1/4	3/2		-1	41		816
75	74	0	0	6/8	2	1	3/8		1/4	3/2		0	48		816
75	74	0	0	6/8	2	1	3/8		1/4	3/2		-1	53		816
75	74	0	0	6/8	1	2	1/48		1/32	2/3		3	69		780
75	74	0	0	6/8	1	1	1/8		1/8	1		0	72		775
75	74	1/48	1/48	6/8	1	2	1/48		1/32	2/3		0	60		781
75	74	1/24	1/24	6/8	1	2	1/48		1/32	2/3		3	69		782
75	74	1/16	1/16	6/8	1	2	1/48		1/32	2/3		0	60		783
75	74	1/12	1/12	6/8	1	2	1/48		1/32	2/3		3	69		784
75	74	5/48	5/48	6/8	1	2	1/48		1/32	2/3		0	60		785
75	74	1/8	1/8	6/8	1	2	1/48		1/32	2/3		5	71		786
75	74	1/8	1/8	6/8	1	1	3/16		1/8	3/2		5	71		776
75	74	7/48	7/48	6/8	1	2	1/48		1/32	2/3		0	60		787
75	74	1/6	1/6	6/8	1	2	1/48		1/32	2/3		5	71		788
75	74	3/16	3/16	6/8	1	2	1/48		1/32	2/3		0	60		789
75	74	5/24	5/24	6/8	1	2	1/48		1/32	2/3		5	71		790
75	74	11/48	11/48	6/8	1	2	1/48		1/32	2/3		0	60		791
75	74	1/4	1/4	6/8	1	2	1/48		1/32	2/3		5	71		792
75	74	13/48	13/48	6/8	1	2	1/48		1/32	2/3		0	60		793
75	74	7/24	7/24	6/8	1	2	1/48		1/32	2/3		5	71		794
75	74	5/16	5/16	6/8	1	2	1/48		1/32	2/3		0	60		795
75	74	5/16	5/16	6/8	1	1	1/16		1/16	1		0	72		777
75	74	1/3	1/3	6/8	1	2	1/48		1/32	2/3		0	72		796
75	74	17/48	17/48	6/8	1	2	1/48		1/32	2/3		0	60		797
75	74	3/8	3/8	6/8	2	1	3/8		1/4	3/2		6	42		817
75	74	3/8	3/8	6/8	2	1	3/8		1/4	3/2		0	48		817
75	74	3/8	3/8	6/8	2	1	3/8		1/4	3/2		9	51		817
75	74	3/8	3/8	6/8	1	2	1/48		1/32	2/3		0	72		798
75	74	3/8	3/8	6/8	1	1	1/4		1/4	1		0	72		778
75	74	19/48	19/48	6/8	1	2	1/48		1/32	2/3		0	60		799
75	74	5/12	5/12	6/8	1	2	1/48		1/32	2/3		0	72		800
75	74	7/16	7/16	6/8	1	2	1/48		1/32	2/3		0	60		801
75	74	11/24	11/24	6/8	1	2	1/48		1/32	2/3		0	72		802
75	74	23/48	23/48	6/8	1	2	1/48		1/32	2/3		0	60		803
75	74	1/2	1/2	6/8	1	2	1/48		1/32	2/3		0	72		804
75	74	25/48	25/48	6/8	1	2	1/48		1/32	2/3		0	60		805
75	74	13/24	13/24	6/8	1	2	1/48		1/32	2/3		0	72		806
75	74	9/16	9/16	6/8	1	2	1/48		1/32	2/3		0	60		807
75	74	7/12	7/12	6/8	1	2	1/48		1/32	2/3		0	72		808
75	74	29/48	29/48	6/8	1	2	1/48		1/32	2/3		0	60		809
75	74	5/8	5/8	6/8	1	2	1/48		1/32	2/3		9	63		810
75	74	5/8	5/8	6/8	1	1	1/8		1/8	1		9	63		779
75	74	31/48	31/48	6/8	1	2	1/48		1/32	2/3		0	60		811
75	74	2/3	2/3	6/8	1	2	1/48		1/32	2/3		9	63		812
75	74	11/16	11/16	6/8	1	2	1/48		1/32	2/3		0	60		813
75	74	17/24	17/24	6/8	1	2	1/48		1/32	2/3		9	63		814
75	74	35/48	35/48	6/8	1	2	1/48		1/32	2/3		0	60		815
76	75	0	0	6/8	2	1	3/8		1/4	3/2		1	43		859
76	75	0	0	6/8	2	1	3/8		1/4	3/2		0	48		859
76	75	0	0	6/8	2	1	3/8		1/4	3/2		4	52		859
76	75	0	0	6/8	1	2	1/48		1/32	2/3		4	64		823
76	75	0	0	6/8	1	1	1/8		1/8	1		0	72		818
76	75	1/48	1/48	6/8	1	2	1/48		1/32	2/3		0	60		824
76	75	1/24	1/24	6/8	1	2	1/48		1/32	2/3		4	64		825
76	75	1/16	1/16	6/8	1	2	1/48		1/32	2/3		0	60		826
76	75	1/12	1/12	6/8	1	2	1/48		1/32	2/3		4	64		827
76	75	5/48	5/48	6/8	1	2	1/48		1/32	2/3		0	60		828
76	75	1/8	1/8	6/8	1	2	1/48		1/32	2/3		0	72		829
76	75	1/8	1/8	6/8	1	1	3/16		1/8	3/2		2	74		819
76	75	7/48	7/48	6/8	1	2	1/48		1/32	2/3		2	62		830
76	75	1/6	1/6	6/8	1	2	1/48		1/32	2/3		0	72		831
76	75	3/16	3/16	6/8	1	2	1/48		1/32	2/3		2	62		832
76	75	5/24	5/24	6/8	1	2	1/48		1/32	2/3		0	72		833
76	75	11/48	11/48	6/8	1	2	1/48		1/32	2/3		2	62		834
76	75	1/4	1/4	6/8	1	2	1/48		1/32	2/3		0	72		835
76	75	13/48	13/48	6/8	1	2	1/48		1/32	2/3		2	62		836
76	75	7/24	7/24	6/8	1	2	1/48		1/32	2/3		4	76		837
76	75	5/16	5/16	6/8	1	2	1/48		1/32	2/3		2	62		838
76	75	5/16	5/16	6/8	1	1	1/16		1/16	1		4	76		820
76	75	1/3	1/3	6/8	1	2	1/48		1/32	2/3		0	72		839
76	75	17/48	17/48	6/8	1	2	1/48		1/32	2/3		4	64		840
76	75	3/8	3/8	6/8	2	2	3/8		1/4	3/2		3	45		862
76	75	3/8	3/8	6/8	2	2	3/8		1/4	3/2		0	48		862
76	75	3/8	3/8	6/8	2	1	1/4		1/4	1		1	55		860
76	75	3/8	3/8	6/8	1	2	1/48		1/32	2/3		0	72		841
76	75	3/8	3/8	6/8	1	1	1/8		1/8	1		4	76		821
76	75	19/48	19/48	6/8	1	2	1/48		1/32	2/3		4	64		842
76	75	5/12	5/12	6/8	1	2	1/48		1/32	2/3		0	72		843
76	75	7/16	7/16	6/8	1	2	1/48		1/32	2/3		4	64		844
76	75	11/24	11/24	6/8	1	2	1/48		1/32	2/3		0	72		845
76	75	23/48	23/48	6/8	1	2	1/48		1/32	2/3		4	64		846
76	75	1/2	1/2	6/8	1	2	1/48		1/32	2/3		0	72		847
76	75	1/2	1/2	6/8	1	1	1/4		1/4	1		2	74		822
76	75	25/48	25/48	6/8	1	2	1/48		1/32	2/3		2	62		848
76	75	13/24	13/24	6/8	1	2	1/48		1/32	2/3		0	72		849
76	75	9/16	9/16	6/8	1	2	1/48		1/32	2/3		2	62		850
76	75	7/12	7/12	6/8	1	2	1/48		1/32	2/3		0	72		851
76	75	29/48	29/48	6/8	1	2	1/48		1/32	2/3		2	62		852
76	75	5/8	5/8	6/8	2	1	1/8		1/8	1		6	54		861
76	75	5/8	5/8	6/8	1	2	1/48		1/32	2/3		0	72		853
76	75	31/48	31/48	6/8	1	2	1/48		1/32	2/3		2	62		854
76	75	2/3	2/3	6/8	1	2	1/48		1/32	2/3		0	72		855
76	75	11/16	11/16	6/8	1	2	1/48		1/32	2/3		2	62		856
76	75	17/24	17/24	6/8	1	2	1/48		1/32	2/3		0	72		857
76	75	35/48	35/48	6/8	1	2	1/48		1/32	2/3		2	62		858
77	76	0	0	6/8	2	1	1/48		1/32	2/3		1	43		871
77	76	0	0	6/8	1	1	1/8		1/8	1		2	62		863
77	76	0	0	6/8	1	2	1/4		1/4	1		3	69		869
77	76	0	0	6/8	1	1	1/8		1/8	1		2	74		863
77	76	1/48	1/48	6/8	2	1	1/48		1/32	2/3		-1	53		872
77	76	1/24	1/24	6/8	2	1	1/48		1/32	2/3		1	43		873
77	76	1/16	1/16	6/8	2	1	1/48		1/32	2/3		-1	53		874
77	76	1/12	1/12	6/8	2	1	1/48		1/32	2/3		1	43		875
77	76	5/48	5/48	6/8	2	1	1/48		1/32	2/3		-1	53		876
77	76	1/8	1/8	6/8	2	1	1/48		1/32	2/3		1	43		877
77	76	1/8	1/8	6/8	1	1	3/16		1/8	3/2		4	64		864
77	76	1/8	1/8	6/8	1	1	3/16		1/8	3/2		4	76		864
77	76	7/48	7/48	6/8	2	1	1/48		1/32	2/3		4	52		878
77	76	1/6	1/6	6/8	2	1	1/48		1/32	2/3		1	43		879
77	76	3/16	3/16	6/8	2	1	1/48		1/32	2/3		4	52		880
77	76	5/24	5/24	6/8	2	1	1/48		1/32	2/3		1	43		881
77	76	11/48	11/48	6/8	2	1	1/48		1/32	2/3		4	52		882
77	76	1/4	1/4	6/8	2	1	1/48		1/32	2/3		-1	41		883
77	76	1/4	1/4	6/8	1	2	1/8		1/8	1		-4	68		870
77	76	13/48	13/48	6/8	2	1	1/48		1/32	2/3		2	50		884
77	76	7/24	7/24	6/8	2	1	1/48		1/32	2/3		-1	41		885
77	76	5/16	5/16	6/8	2	1	1/48		1/32	2/3		2	50		886
77	76	5/16	5/16	6/8	1	1	1/16		1/16	1		-1	65		865
77	76	5/16	5/16	6/8	1	1	1/16		1/16	1		-1	77		865
77	76	1/3	1/3	6/8	2	1	1/48		1/32	2/3		-1	41		887
77	76	17/48	17/48	6/8	2	1	1/48		1/32	2/3		2	50		888
77	76	3/8	3/8	6/8	2	1	1/48		1/32	2/3		4	40		889
77	76	3/8	3/8	6/8	1	1	1/8		1/8	1		1	67		866
77	76	3/8	3/8	6/8	1	1	1/8		1/8	1		-2	70		866
77	76	3/8	3/8	6/8	1	1	1/8		1/8	1		1	79		866
77	76	19/48	19/48	6/8	2	1	1/48		1/32	2/3		7	49		890
77	76	5/12	5/12	6/8	2	1	1/48		1/32	2/3		4	40		891
77	76	7/16	7/16	6/8	2	1	1/48		1/32	2/3		7	49		892
77	76	11/24	11/24	6/8	2	1	1/48		1/32	2/3		4	40		893
77	76	23/48	23/48	6/8	2	1	1/48		1/32	2/3		7	49		894
77	76	1/2	1/2	6/8	2	1	1/48		1/32	2/3		4	40		895
77	76	1/2	1/2	6/8	1	1	1/8		1/8	1		-2	70		867
77	76	25/48	25/48	6/8	2	1	1/48		1/32	2/3		7	49		896
77	76	13/24	13/24	6/8	2	1	1/48		1/32	2/3		4	40		897
77	76	9/16	9/16	6/8	2	1	1/48		1/32	2/3		7	49		898
77	76	7/12	7/12	6/8	2	1	1/48		1/32	2/3		4	40		899
77	76	29/48	29/48	6/8	2	1	1/48		1/32	2/3		7	49		900
77	76	5/8	5/8	6/8	2	2	1/8		1/8	1		2	38		907
77	76	5/8	5/8	6/8	2	1	1/48		1/32	2/3		1	43		901
77	76	5/8	5/8	6/8	1	1	1/8		1/8	1	1	-2	70		868
77	76	5/8	5/8	6/8	1	1	1/8		1/8	1		2	74		868
77	76	5/8	5/8	6/8	1	1	1/8		1/8	1	1	-2	82		868
77	76	31/48	31/48	6/8	2	1	1/48		1/32	2/3		2	50		902
77	76	2/3	2/3	6/8	2	1	1/48		1/32	2/3		1	43		903
77	76	11/16	11/16	6/8	2	1	1/48		1/32	2/3		2	50		904
77	76	17/24	17/24	6/8	2	1	1/48		1/32	2/3		1	43		905
77	76	35/48	35/48	6/8	2	1	1/48		1/32	2/3		2	50		906
78	77	0	0	6/8	2	1	1/48		1/32	2/3		0	36		918
78	77	0	0	6/8	1	2	1/8		1/8	1	-1	-2	70		912
78	77	0	0	6/8	1	1	3/8		1/4	3/2		-3	75		908
78	77	0	0	6/8	1	2	1/8		1/8	1	-1	-2	82		912
78	77	1/48	1/48	6/8	2	1	1/48		1/32	2/3		-3	39		919
78	77	1/24	1/24	6/8	2	1	1/48		1/32	2/3		1	43		920
78	77	1/16	1/16	6/8	2	1	1/48		1/32	2/3		0	48		921
78	77	1/12	1/12	6/8	2	1	1/48		1/32	2/3		-3	51		922
78	77	5/48	5/48	6/8	2	1	1/48		1/32	2/3		1	55		923
78	77	1/8	1/8	6/8	2	1	1/48		1/32	2/3		0	48		924
78	77	1/8	1/8	6/8	1	2	1/16		1/16	1		3	69		913
78	77	1/8	1/8	6/8	1	2	1/16		1/16	1		3	81		913
78	77	7/48	7/48	6/8	2	1	1/48		1/32	2/3		-3	51		925
78	77	1/6	1/6	6/8	2	1	1/48		1/32	2/3		1	55		926
78	77	3/16	3/16	6/8	2	1	1/48		1/32	2/3		0	60		927
78	77	3/16	3/16	6/8	1	2	1/16		1/16	1		-2	70		914
78	77	3/16	3/16	6/8	1	2	1/16		1/16	1		-2	82		914
78	77	5/24	5/24	6/8	2	1	1/48		1/32	2/3		-3	51		928
78	77	11/48	11/48	6/8	2	1	1/48		1/32	2/3		1	55		929
78	77	1/4	1/4	6/8	2	1	1/48		1/32	2/3		-2	46		930
78	77	1/4	1/4	6/8	1	2	3/32		1/16	3/2		5	71		915
78	77	1/4	1/4	6/8	1	2	3/32		1/16	3/2		5	83		915
78	77	13/48	13/48	6/8	2	1	1/48		1/32	2/3		-3	51		931
78	77	7/24	7/24	6/8	2	1	1/48		1/32	2/3		1	55		932
78	77	5/16	5/16	6/8	2	1	1/48		1/32	2/3		0	60		933
78	77	1/3	1/3	6/8	2	1	1/48		1/32	2/3		-3	51		934
78	77	11/32	11/32	6/8	1	2	1/32		1/32	1		0	72		916
78	77	11/32	11/32	6/8	1	2	1/32		1/32	1		0	84		916
78	77	17/48	17/48	6/8	2	1	1/48		1/32	2/3		1	55		935
78	77	3/8	3/8	6/8	2	1	1/48		1/32	2/3		3	45		936
78	77	3/8	3/8	6/8	1	2	1/8		1/8	1		0	72		917
78	77	3/8	3/8	6/8	1	1	1/8		1/8	1		-3	75		909
78	77	3/8	3/8	6/8	1	2	1/8		1/8	1		0	84		917
78	77	19/48	19/48	6/8	2	1	1/48		1/32	2/3		-3	51		937
78	77	5/12	5/12	6/8	2	1	1/48		1/32	2/3		-6	54		938
78	77	7/16	7/16	6/8	2	1	1/48		1/32	2/3		0	60		939
78	77	11/24	11/24	6/8	2	1	1/48		1/32	2/3		-6	54		940
78	77	23/48	23/48	6/8	2	1	1/48		1/32	2/3		0	60		941
78	77	1/2	1/2	6/8	2	1	1/48		1/32	2/3		-6	54		942
78	77	1/2	1/2	6/8	1	1	3/16		1/8	3/2		-1	77		910
78	77	25/48	25/48	6/8	2	1	1/48		1/32	2/3		-3	63		943
78	77	13/24	13/24	6/8	2	1	1/48		1/32	2/3		-6	54		944
78	77	9/16	9/16	6/8	2	1	1/48		1/32	2/3		-3	63		945
78	77	7/12	7/12	6/8	2	1	1/48		1/32	2/3		-6	54		946
78	77	29/48	29/48	6/8	2	1	1/48		1/32	2/3		-3	63		947
78	77	5/8	5/8	6/8	2	1	1/48		1/32	2/3		-6	54		948
78	77	31/48	31/48	6/8	2	1	1/48		1/32	2/3		-3	63		949
78	77	2/3	2/3	6/8	2	1	1/48		1/32	2/3		-6	54		950
78	77	11/16	11/16	6/8	2	1	1/48		1/32	2/3		-3	63		951
78	77	11/16	11/16	6/8	1	1	1/16		1/16	1		-6	78		911
78	77	17/24	17/24	6/8	2	1	1/48		1/32	2/3		-6	54		952
78	77	35/48	35/48	6/8	2	1	1/48		1/32	2/3		-3	63		953
79	78	0	0	6/8	2	1	1/48		1/32	2/3		0	48		965
79	78	0	0	6/8	2	2	1/4		1/4	1		0	48		1001
79	78	0	0	6/8	1	2	3/8		1/4	3/2		-6	78		964
79	78	0	0	6/8	1	1	1/8		1/8	1		-2	82		954
79	78	1/48	1/48	6/8	2	1	1/48		1/32	2/3		-3	51		966
79	78	1/24	1/24	6/8	2	1	1/48		1/32	2/3		-6	54		967
79	78	1/16	1/16	6/8	2	1	1/48		1/32	2/3		-3	63		968
79	78	1/12	1/12	6/8	2	1	1/48		1/32	2/3		0	60		969
79	78	5/48	5/48	6/8	2	1	1/48		1/32	2/3		-3	63		970
79	78	1/8	1/8	6/8	2	1	1/48		1/32	2/3		0	60		971
79	78	1/8	1/8	6/8	1	1	1/16		1/16	1		3	81		955
79	78	7/48	7/48	6/8	2	1	1/48		1/32	2/3		-3	63		972
79	78	1/6	1/6	6/8	2	1	1/48		1/32	2/3		0	60		973
79	78	3/16	3/16	6/8	2	1	1/48		1/32	2/3		-3	63		974
79	78	3/16	3/16	6/8	1	1	1/16		1/16	1		-2	82		956
79	78	5/24	5/24	6/8	2	1	1/48		1/32	2/3		0	60		975
79	78	11/48	11/48	6/8	2	1	1/48		1/32	2/3		-3	63		976
79	78	1/4	1/4	6/8	2	1	1/48		1/32	2/3		-6	54		977
79	78	1/4	1/4	6/8	2	2	1/8		1/8	1		-6	54		1002
79	78	1/4	1/4	6/8	1	1	3/32		1/16	3/2		5	83		957
79	78	13/48	13/48	6/8	2	1	1/48		1/32	2/3		-3	63		978
79	78	7/24	7/24	6/8	2	1	1/48		1/32	2/3		0	60		979
79	78	5/16	5/16	6/8	2	1	1/48		1/32	2/3		-3	63		980
79	78	1/3	1/3	6/8	2	1	1/48		1/32	2/3		0	60		981
79	78	11/32	11/32	6/8	1	1	1/32		1/32	1		0	84		958
79	78	17/48	17/48	6/8	2	1	1/48		1/32	2/3		-3	63		982
79	78	3/8	3/8	6/8	2	1	1/48		1/32	2/3		-1	53		983
79	78	3/8	3/8	6/8	2	2	3/8		1/4	3/2		-1	53		1003
79	78	3/8	3/8	6/8	1	1	1/8		1/8	1		0	84		959
79	78	19/48	19/48	6/8	2	1	1/48		1/32	2/3		-3	63		984
79	78	5/12	5/12	6/8	2	1	1/48		1/32	2/3		0	60		985
79	78	7/16	7/16	6/8	2	1	1/48		1/32	2/3		-3	63		986
79	78	11/24	11/24	6/8	2	1	1/48		1/32	2/3		0	60		987
79	78	23/48	23/48	6/8	2	1	1/48		1/32	2/3		-3	63		988
79	78	1/2	1/2	6/8	2	1	1/48		1/32	2/3		0	60		989
79	78	1/2	1/2	6/8	1	1	1/16		1/16	1		5	83		960
79	78	25/48	25/48	6/8	2	1	1/48		1/32	2/3		-3	63		990
79	78	13/24	13/24	6/8	2	1	1/48		1/32	2/3		0	60		991
79	78	9/16	9/16	6/8	2	1	1/48		1/32	2/3		-3	63		992
79	78	9/16	9/16	6/8	1	1	1/16		1/16	1		0	84		961
79	78	7/12	7/12	6/8	2	1	1/48		1/32	2/3		0	60		993
79	78	29/48	29/48	6/8	2	1	1/48		1/32	2/3		-3	63		994
79	78	5/8	5/8	6/8	2	1	1/48		1/32	2/3		-7	59		995
79	78	5/8	5/8	6/8	1	1	3/32		1/16	3/2		2	86		962
79	78	31/48	31/48	6/8	2	1	1/48		1/32	2/3		-3	63		996
79	78	2/3	2/3	6/8	2	1	1/48		1/32	2/3		-7	59		997
79	78	11/16	11/16	6/8	2	1	1/48		1/32	2/3		-3	63		998
79	78	17/24	17/24	6/8	2	1	1/48		1/32	2/3		-7	59		999
79	78	23/32	23/32	6/8	1	1	1/32		1/32	1		-3	87		963
79	78	35/48	35/48	6/8	2	1	1/48		1/32	2/3		-3	63		1000
80	79	0	0	6/8	2	2	1/4		1/4	1		0	48		1049
80	79	0	0	6/8	2	1	1/48		1/32	2/3		-3	51		1013
80	79	0	0	6/8	1	1	1/8		1/8	1		-3	75		1004
80	79	0	0	6/8	1	1	1/8		1/8	1		-3	87		1004
80	79	1/48	1/48	6/8	2	1	1/48		1/32	2/3		-2	58		1014
80	79	1/24	1/24	6/8	2	1	1/48		1/32	2/3		-3	51		1015
80	79	1/16	1/16	6/8	2	1	1/48		1/32	2/3		-2	58		1016
80	79	1/12	1/12	6/8	2	1	1/48		1/32	2/3		-3	51		1017
80	79	5/48	5/48	6/8	2	1	1/48		1/32	2/3		-2	58		1018
80	79	1/8	1/8	6/8	2	1	1/48		1/32	2/3		-3	51		1019
80	79	1/8	1/8	6/8	1	1	1/16		1/16	1		2	74		1005
80	79	1/8	1/8	6/8	1	1	1/16		1/16	1		2	86		1005
80	79	7/48	7/48	6/8	2	1	1/48		1/32	2/3		-2	58		1020
80	79	1/6	1/6	6/8	2	1	1/48		1/32	2/3		-3	51		1021
80	79	3/16	3/16	6/8	2	1	1/48		1/32	2/3		-2	58		1022
80	79	3/16	3/16	6/8	1	1	1/16		1/16	1		-3	75		1006
80	79	3/16	3/16	6/8	1	1	1/16		1/16	1		-3	87		1006
80	79	5/24	5/24	6/8	2	1	1/48		1/32	2/3		-3	51		1023
80	79	11/48	11/48	6/8	2	1	1/48		1/32	2/3		-2	58		1024
80	79	1/4	1/4	6/8	2	2	1/8		1/8	1		-7	47		1050
80	79	1/4	1/4	6/8	2	1	1/48		1/32	2/3		-3	51		1025
80	79	1/4	1/4	6/8	1	1	3/32		1/16	3/2		4	76		1007
80	79	1/4	1/4	6/8	1	1	3/32		1/16	3/2		1	79		1007
80	79	1/4	1/4	6/8	1	1	3/32		1/16	3/2		4	88		1007
80	79	13/48	13/48	6/8	2	1	1/48		1/32	2/3		3	57		1026
80	79	7/24	7/24	6/8	2	1	1/48		1/32	2/3		-3	51		1027
80	79	5/16	5/16	6/8	2	1	1/48		1/32	2/3		3	57		1028
80	79	1/3	1/3	6/8	2	1	1/48		1/32	2/3		-3	51		1029
80	79	11/32	11/32	6/8	1	1	1/32		1/32	1		-1	77		1008
80	79	11/32	11/32	6/8	1	1	1/32		1/32	1		-1	89		1008
80	79	17/48	17/48	6/8	2	1	1/48		1/32	2/3		3	57		1030
80	79	3/8	3/8	6/8	2	2	3/8		1/4	3/2		-2	46		1051
80	79	3/8	3/8	6/8	2	1	1/48		1/32	2/3		2	50		1031
80	79	3/8	3/8	6/8	1	2	1/4		1/4	1		-1	77		1012
80	79	3/8	3/8	6/8	1	1	1/8		1/8	1		-4	80		1009
80	79	3/8	3/8	6/8	1	2	1/4		1/4	1		-1	89		1012
80	79	19/48	19/48	6/8	2	1	1/48		1/32	2/3		-4	56		1032
80	79	5/12	5/12	6/8	2	1	1/48		1/32	2/3		2	50		1033
80	79	7/16	7/16	6/8	2	1	1/48		1/32	2/3		-4	56		1034
80	79	11/24	11/24	6/8	2	1	1/48		1/32	2/3		2	50		1035
80	79	23/48	23/48	6/8	2	1	1/48		1/32	2/3		-4	56		1036
80	79	1/2	1/2	6/8	2	1	1/48		1/32	2/3		2	50		1037
80	79	1/2	1/2	6/8	1	1	3/16		1/8	3/2		-2	82		1010
80	79	25/48	25/48	6/8	2	1	1/48		1/32	2/3		-4	56		1038
80	79	13/24	13/24	6/8	2	1	1/48		1/32	2/3		2	50		1039
80	79	9/16	9/16	6/8	2	1	1/48		1/32	2/3		-4	56		1040
80	79	7/12	7/12	6/8	2	1	1/48		1/32	2/3		2	50		1041
80	79	29/48	29/48	6/8	2	1	1/48		1/32	2/3		-4	56		1042
80	79	5/8	5/8	6/8	2	1	1/48		1/32	2/3		2	50		1043
80	79	31/48	31/48	6/8	2	1	1/48		1/32	2/3		-4	56		1044
80	79	2/3	2/3	6/8	2	1	1/48		1/32	2/3		2	50		1045
80	79	11/16	11/16	6/8	2	1	1/48		1/32	2/3		-4	56		1046
80	79	11/16	11/16	6/8	1	1	1/16		1/16	1		-7	83		1011
80	79	17/24	17/24	6/8	2	1	1/48		1/32	2/3		2	50		1047
80	79	35/48	35/48	6/8	2	1	1/48		1/32	2/3		-4	56		1048
81	80	0	0	6/8	2	1	1/24		1/16	2/3		-1	41		1064
81	80	0	0	6/8	2	2	1/4		1/4	1		-1	41		1094
81	80	0	0	6/8	1	2	3/8		1/4	3/2		-7	83		1063
81	80	0	0	6/8	1	1	1/8		1/8	1		-3	87		1052
81	80	1/24	1/24	6/8	2	1	1/48		1/32	2/3		-1	53		1065
81	80	1/16	1/16	6/8	2	1	1/48		1/32	2/3		-4	56		1066
81	80	1/12	1/12	6/8	2	1	1/48		1/32	2/3		-1	53		1067
81	80	5/48	5/48	6/8	2	1	1/48		1/32	2/3		-4	56		1068
81	80	1/8	1/8	6/8	2	1	1/48		1/32	2/3		-1	53		1069
81	80	1/8	1/8	6/8	1	1	1/16		1/16	1		2	86		1053
81	80	7/48	7/48	6/8	2	1	1/48		1/32	2/3		-4	56		1070
81	80	1/6	1/6	6/8	2	1	1/48		1/32	2/3		-1	53		1071
81	80	3/16	3/16	6/8	2	1	1/48		1/32	2/3		-4	56		1072
81	80	3/16	3/16	6/8	1	1	1/16		1/16	1		-3	87		1054
81	80	5/24	5/24	6/8	2	1	1/48		1/32	2/3		-1	53		1073
81	80	11/48	11/48	6/8	2	1	1/48		1/32	2/3		-4	56		1074
81	80	1/4	1/4	6/8	2	2	1/48		1/32	2/3		-4	56		1095
81	80	1/4	1/4	6/8	2	1	1/8		1/8	1		-4	56		1075
81	80	1/4	1/4	6/8	1	1	3/32		1/16	3/2		4	88		1055
81	80	13/48	13/48	6/8	2	2	1/48		1/32	2/3		-7	59		1096
81	80	7/24	7/24	6/8	2	2	1/48		1/32	2/3		-4	56		1097
81	80	5/16	5/16	6/8	2	2	1/48		1/32	2/3		-7	59		1098
81	80	1/3	1/3	6/8	2	2	1/48		1/32	2/3		-4	56		1099
81	80	11/32	11/32	6/8	1	1	1/32		1/32	1		-1	89		1056
81	80	17/48	17/48	6/8	2	2	1/48		1/32	2/3		-7	59		1100
81	80	3/8	3/8	6/8	2	1	1/48		1/32	2/3		2	50		1076
81	80	3/8	3/8	6/8	1	1	1/16		1/16	1		-1	77		1057
81	80	3/8	3/8	6/8	1	1	1/16		1/16	1		-1	89		1057
81	80	19/48	19/48	6/8	2	1	1/48		1/32	2/3		-4	56		1077
81	80	5/12	5/12	6/8	2	1	1/48		1/32	2/3		-1	65		1078
81	80	7/16	7/16	6/8	2	1	1/48		1/32	2/3		-4	56		1079
81	80	7/16	7/16	6/8	1	1	1/16		1/16	1		4	76		1058
81	80	7/16	7/16	6/8	1	1	1/16		1/16	1		4	88		1058
81	80	11/24	11/24	6/8	2	1	1/48		1/32	2/3		-1	65		1080
81	80	23/48	23/48	6/8	2	1	1/48		1/32	2/3		-4	56		1081
81	80	1/2	1/2	6/8	2	1	1/48		1/32	2/3		-1	65		1082
81	80	1/2	1/2	6/8	1	1	1/16		1/16	1		-1	77		1059
81	80	1/2	1/2	6/8	1	1	1/16		1/16	1		-1	89		1059
81	80	25/48	25/48	6/8	2	1	1/48		1/32	2/3		-4	56		1083
81	80	13/24	13/24	6/8	2	1	1/48		1/32	2/3		-1	65		1084
81	80	9/16	9/16	6/8	2	1	1/48		1/32	2/3		-4	56		1085
81	80	9/16	9/16	6/8	1	1	1/16		1/16	1		-6	78		1060
81	80	9/16	9/16	6/8	1	1	1/16		1/16	1		-6	90		1060
81	80	7/12	7/12	6/8	2	1	1/48		1/32	2/3		-1	65		1086
81	80	29/48	29/48	6/8	2	1	1/48		1/32	2/3		-4	56		1087
81	80	5/8	5/8	6/8	2	1	1/48		1/32	2/3		-7	47		1088
81	80	5/8	5/8	6/8	1	1	3/32		1/16	3/2		1	79		1061
81	80	5/8	5/8	6/8	1	1	3/32		1/16	3/2		1	91		1061
81	80	31/48	31/48	6/8	2	1	1/48		1/32	2/3		-4	56		1089
81	80	2/3	2/3	6/8	2	1	1/48		1/32	2/3		4	64		1090
81	80	11/16	11/16	6/8	2	1	1/48		1/32	2/3		-4	56		1091
81	80	17/24	17/24	6/8	2	1	1/48		1/32	2/3		4	64		1092
81	80	23/32	23/32	6/8	1	1	1/32		1/32	1		-4	80		1062
81	80	23/32	23/32	6/8	1	1	1/32		1/32	1		-4	92		1062
81	80	35/48	35/48	6/8	2	1	1/48		1/32	2/3		-4	56		1093
82	81	0	0	6/8	2	1	1/4		1/4	1		-1	53		1116
82	81	0	0	6/8	2	1	1/4		1/4	1		-4	56		1116
82	81	0	0	6/8	2	1	1/4		1/4	1		-3	63		1116
82	81	0	0	6/8	1	1	1/8		1/8	1		-4	80		1101
82	81	0	0	6/8	1	1	1/8		1/8	1		-7	83		1101
82	81	0	0	6/8	1	1	1/8		1/8	1		-4	92		1101
82	81	1/8	1/8	6/8	1	1	1/8		1/8	1		-4	68		1102
82	81	1/8	1/8	6/8	1	1	1/8		1/8	1		-4	80		1102
82	81	1/4	1/4	6/8	2	1	1/8		1/8	1		-4	56		1117
82	81	1/4	1/4	6/8	1	1	1/8		1/8	1		-2	70		1103
82	81	1/4	1/4	6/8	1	1	1/8		1/8	1		-4	80		1103
82	81	1/4	1/4	6/8	1	1	1/8		1/8	1		-2	82		1103
82	81	3/8	3/8	6/8	2	1	1/4		1/4	1		-4	56		1118
82	81	3/8	3/8	6/8	2	1	1/4		1/4	1		-1	65		1118
82	81	3/8	3/8	6/8	1	1	1/8		1/8	1		5	71		1104
82	81	3/8	3/8	6/8	1	1	1/8		1/8	1		2	74		1104
82	81	3/8	3/8	6/8	1	1	1/8		1/8	1		-4	80		1104
82	81	3/8	3/8	6/8	1	1	1/8		1/8	1		5	83		1104
82	81	1/2	1/2	6/8	1	1	1/16		1/16	1		0	72		1105
82	81	1/2	1/2	6/8	1	1	1/16		1/16	1		2	74		1105
82	81	1/2	1/2	6/8	1	1	1/16		1/16	1		-4	80		1105
82	81	1/2	1/2	6/8	1	1	1/16		1/16	1		0	84		1105
82	81	9/16	9/16	6/8	1	1	1/48		1/32	2/3		1	79		1106
82	81	7/12	7/12	6/8	1	1	1/48		1/32	2/3		-4	80		1107
82	81	29/48	29/48	6/8	1	1	1/48		1/32	2/3		-2	82		1108
82	81	5/8	5/8	6/8	2	2	1/24		1/16	2/3		-4	56		1120
82	81	5/8	5/8	6/8	2	1	1/8		1/8	1		4	64		1119
82	81	5/8	5/8	6/8	1	1	1/56		1/32	4/7		5	83		1109
82	81	9/14	9/14	6/8	1	1	1/56		1/32	4/7		0	84		1110
82	81	423/640	423/640	6/8	1	1	1/56		1/32	4/7		2	86		1111
82	81	2/3	2/3	6/8	2	2	1/24		1/16	2/3		-2	58		1121
82	81	3041/4480	3041/4480	6/8	1	1	1/56		1/32	4/7		-3	87		1112
82	81	3121/4480	3121/4480	6/8	1	1	1/56		1/32	4/7		4	88		1113
82	81	17/24	17/24	6/8	2	2	1/24		1/16	2/3		-7	59		1122
82	81	3201/4480	3201/4480	6/8	1	1	1/56		1/32	4/7		-1	89		1114
82	81	703/960	703/960	6/8	1	1	1/56		1/32	4/7		1	91		1115
83	82	0	0	6/8	2	1	1/4		1/4	1		-1	53		1138
83	82	0	0	6/8	2	1	1/4		1/4	1		-7	59		1138
83	82	0	0	6/8	2	1	1/4		1/4	1		-3	63		1138
83	82	0	0	6/8	1	1	1/8		1/8	1		-7	83		1123
83	82	0	0	6/8	1	1	1/8		1/8	1		-1	89		1123
83	82	0	0	6/8	1	1	1/8		1/8	1		-4	92		1123
83	82	1/8	1/8	6/8	1	1	1/8		1/8	1		-4	68		1124
83	82	1/8	1/8	6/8	1	1	1/8		1/8	1		-3	75		1124
83	82	1/8	1/8	6/8	1	1	1/8		1/8	1		-4	80		1124
83	82	1/4	1/4	6/8	2	1	1/8		1/8	1		-4	56		1139
83	82	1/4	1/4	6/8	1	1	1/8		1/8	1		-2	70		1125
83	82	1/4	1/4	6/8	1	1	1/8		1/8	1		-4	80		1125
83	82	1/4	1/4	6/8	1	1	1/8		1/8	1		-2	82		1125
83	82	3/8	3/8	6/8	2	1	0	acciaccatura	1/8	1		-2	46		1140
83	82	3/8	3/8	6/8	2	1	1/4		1/4	1		-4	56		1141
83	82	3/8	3/8	6/8	2	1	1/4		1/4	1		-1	65		1141
83	82	3/8	3/8	6/8	1	1	1/8		1/8	1		5	71		1126
83	82	3/8	3/8	6/8	1	1	1/8		1/8	1		2	74		1126
83	82	3/8	3/8	6/8	1	1	1/8		1/8	1		-4	80		1126
83	82	3/8	3/8	6/8	1	1	1/8		1/8	1		5	83		1126
83	82	1/2	1/2	6/8	1	1	1/16		1/16	1		0	72		1127
83	82	1/2	1/2	6/8	1	1	1/16		1/16	1		2	74		1127
83	82	1/2	1/2	6/8	1	1	1/16		1/16	1		-4	80		1127
83	82	1/2	1/2	6/8	1	1	1/16		1/16	1		0	84		1127
83	82	9/16	9/16	6/8	1	1	1/48		1/32	2/3		1	79		1128
83	82	7/12	7/12	6/8	1	1	1/48		1/32	2/3		-4	80		1129
83	82	29/48	29/48	6/8	1	1	1/48		1/32	2/3		-2	82		1130
83	82	5/8	5/8	6/8	2	2	1/24		1/16	2/3		-4	56		1143
83	82	5/8	5/8	6/8	2	1	1/8		1/8	1		4	64		1142
83	82	5/8	5/8	6/8	1	1	1/56		1/32	4/7		5	83		1131
83	82	9/14	9/14	6/8	1	1	1/56		1/32	4/7		0	84		1132
83	82	423/640	423/640	6/8	1	1	1/56		1/32	4/7		2	86		1133
83	82	2/3	2/3	6/8	2	2	1/24		1/16	2/3		-2	58		1144
83	82	3041/4480	3041/4480	6/8	1	1	1/56		1/32	4/7		-3	87		1134
83	82	3121/4480	3121/4480	6/8	1	1	1/56		1/32	4/7		4	88		1135
83	82	17/24	17/24	6/8	2	2	1/24		1/16	2/3		-7	59		1145
83	82	3201/4480	3201/4480	6/8	1	1	1/56		1/32	4/7		-1	89		1136
83	82	703/960	703/960	6/8	1	1	1/56		1/32	4/7		1	91		1137
84	83	0	0	6/8	2	1	1/4		1/4	1		-1	53		1179
84	83	0	0	6/8	2	1	1/4		1/4	1		-7	59		1179
84	83	0	0	6/8	2	1	1/4		1/4	1		-3	63		1179
84	83	0	0	6/8	1	1	1/8		1/8	1		-7	83		1146
84	83	0	0	6/8	1	1	1/8		1/8	1		-1	89		1146
84	83	0	0	6/8	1	1	1/8		1/8	1	1	-4	92		1146
84	83	1/8	1/8	6/8	1	1	1/48		1/32	2/3	-1	-4	92		1147
84	83	7/48	7/48	6/8	1	1	1/48		1/32	2/3		-1	89		1148
84	83	1/6	1/6	6/8	1	1	1/48		1/32	2/3		-3	87		1149
84	83	3/16	3/16	6/8	1	1	1/48		1/32	2/3		-7	83		1150
84	83	5/24	5/24	6/8	1	1	1/48		1/32	2/3		-4	80		1151
84	83	11/48	11/48	6/8	1	1	1/48		1/32	2/3		-1	77		1152
84	83	1/4	1/4	6/8	2	1	1/16		1/16	1		-1	53		1180
84	83	1/4	1/4	6/8	2	1	1/16		1/16	1		-4	56		1180
84	83	1/4	1/4	6/8	2	1	1/16		1/16	1		-7	59		1180
84	83	1/4	1/4	6/8	2	1	1/16		1/16	1		-3	63		1180
84	83	1/4	1/4	6/8	1	1	1/48		1/32	2/3		-3	75		1153
84	83	13/48	13/48	6/8	1	1	1/48		1/32	2/3		-7	71		1154
84	83	7/24	7/24	6/8	1	1	1/48		1/32	2/3		-4	68		1155
84	83	5/16	5/16	6/8	1	1	1/48		1/32	2/3		-1	65		1156
84	83	1/3	1/3	6/8	1	1	1/48		1/32	2/3		4	64		1157
84	83	17/48	17/48	6/8	1	1	1/48		1/32	2/3		9	63		1158
84	83	3/8	3/8	6/8	2	2	1/4		1/4	1		-1	41		1184
84	83	3/8	3/8	6/8	2	1	1/8		1/8	1		9	51		1181
84	83	3/8	3/8	6/8	1	2	1/48		1/32	2/3		9	63		1161
84	83	3/8	3/8	6/8	1	1	1/4		1/4	1		8	68		1159
84	83	19/48	19/48	6/8	1	2	1/48		1/32	2/3		5	59		1162
84	83	5/12	5/12	6/8	1	2	1/48		1/32	2/3		9	63		1163
84	83	7/16	7/16	6/8	1	2	1/48		1/32	2/3		5	59		1164
84	83	11/24	11/24	6/8	1	2	1/48		1/32	2/3		9	63		1165
84	83	23/48	23/48	6/8	1	2	1/48		1/32	2/3		5	59		1166
84	83	1/2	1/2	6/8	2	1	1/8		1/8	1		5	47		1182
84	83	1/2	1/2	6/8	1	2	1/48		1/32	2/3		9	63		1167
84	83	25/48	25/48	6/8	1	2	1/48		1/32	2/3		5	59		1168
84	83	13/24	13/24	6/8	1	2	1/48		1/32	2/3		9	63		1169
84	83	9/16	9/16	6/8	1	2	1/48		1/32	2/3		5	59		1170
84	83	7/12	7/12	6/8	1	2	1/48		1/32	2/3		9	63		1171
84	83	29/48	29/48	6/8	1	2	1/48		1/32	2/3		5	59		1172
84	83	5/8	5/8	6/8	2	1	1/8		1/8	1		-1	41		1183
84	83	5/8	5/8	6/8	2	2	1/8		1/8	1		-1	41		1185
84	83	5/8	5/8	6/8	1	2	1/48		1/32	2/3		9	63		1173
84	83	5/8	5/8	6/8	1	1	1/8		1/8	1		3	69		1160
84	83	31/48	31/48	6/8	1	2	1/48		1/32	2/3		5	59		1174
84	83	2/3	2/3	6/8	1	2	1/48		1/32	2/3		9	63		1175
84	83	11/16	11/16	6/8	1	2	1/48		1/32	2/3		5	59		1176
84	83	17/24	17/24	6/8	1	2	1/48		1/32	2/3		9	63		1177
84	83	35/48	35/48	6/8	1	2	1/48		1/32	2/3		5	59		1178
85	84	0	0	6/8	2	1	3/4		1/2	3/2		4	40		1193
85	84	0	0	6/8	1	2	3/8		1/4	3/2	1	2	62		1189
85	84	0	0	6/8	1	2	3/8		1/4	3/2	1	8	68		1189
85	84	0	0	6/8	1	1	1/8		1/8	1		10	70		1186
85	84	1/8	1/8	6/8	1	1	1/4		1/4	1	1	5	71		1187
85	84	3/8	3/8	6/8	1	2	1/8		1/8	1	-1	2	62		1190
85	84	3/8	3/8	6/8	1	2	1/8		1/8	1	-1	8	68		1190
85	84	3/8	3/8	6/8	1	1	1/8		1/8	1	-1	5	71		1188
85	84	1/2	1/2	6/8	1	2	3/16		1/8	3/2		4	64		1191
85	84	11/16	11/16	6/8	1	2	1/16		1/16	1		-1	65		1192
85	84	3/4	3/4	6/8	2	1	3/4		1/2	3/2		4	52		1194
86	85	0	0	6/8	2	1	1/64		1/64	1		4	40		1197
86	85	0	0	6/8	1	1	1/8		1/8	1		-1	65		1195
86	85	1/64	1/64	6/8	2	1	1/64		1/64	1		4	52		1198
86	85	1/32	1/32	6/8	2	1	1/64		1/64	1		4	40		1199
86	85	3/64	3/64	6/8	2	1	1/64		1/64	1		4	52		1200
86	85	1/16	1/16	6/8	2	1	1/64		1/64	1		4	40		1201
86	85	5/64	5/64	6/8	2	1	1/64		1/64	1		4	52		1202
86	85	3/32	3/32	6/8	2	1	1/64		1/64	1		4	40		1203
86	85	7/64	7/64	6/8	2	1	1/64		1/64	1		4	52		1204
86	85	1/8	1/8	6/8	1	1	1/4		1/4	1		8	56		1196
86	85	1/4	1/4	6/8	2	1	1/8		1/8	1		5	59		1205
86	85	3/8	3/8	6/8	2	1	1/4		1/4	1		8	68		1206
86	85	5/8	5/8	6/8	2	1	1/8		1/8	1		1	67		1207
87	86	0	0	6/8	2	1	3/4		1/2	3/2		-4	56		1211
87	86	0	0	6/8	2	1	3/4		1/2	3/2		2	62		1211
87	86	0	0	6/8	2	1	3/4		1/2	3/2		6	66		1211
87	86	0	0	6/8	1	1	3/8		1/4	3/2	1	5	71		1208
87	86	3/8	3/8	6/8	1	1	1/4		1/4	1	-1	5	71		1209
87	86	5/8	5/8	6/8	1	1	1/8		1/8	1		0	72		1210
88	87	0	0	6/8	2	1	3/8		1/4	3/2	1	1	55		1219
88	87	0	0	6/8	2	1	3/8		1/4	3/2	1	5	59		1219
88	87	0	0	6/8	1	2	3/8		1/4	3/2	1	-1	65		1215
88	87	0	0	6/8	1	1	1/8		1/8	1		7	73		1212
88	87	1/8	1/8	6/8	1	1	1/4		1/4	1	1	2	74		1213
88	87	3/8	3/8	6/8	2	1	1/8		1/8	1	-1	1	55		1220
88	87	3/8	3/8	6/8	2	1	1/8		1/8	1	-1	5	59		1220
88	87	3/8	3/8	6/8	1	2	1/8		1/8	1	-1	-1	65		1216
88	87	3/8	3/8	6/8	1	1	1/8		1/8	1	-1	2	74		1214
88	87	1/2	1/2	6/8	1	2	3/16		1/8	3/2		1	67		1217
88	87	11/16	11/16	6/8	1	2	1/16		1/16	1		-4	68		1218
89	88	0	0	6/8	1	1	1/8		1/8	1		-4	68		1221
89	88	1/8	1/8	6/8	1	1	1/4		1/4	1		5	59		1222
89	88	1/4	1/4	6/8	2	1	1/8		1/8	1		2	62		1223
89	88	3/8	3/8	6/8	2	1	1/4		1/4	1		5	71		1224
89	88	5/8	5/8	6/8	2	1	1/8		1/8	1		-2	70		1225
90	89	0	0	6/8	2	2	3/8		1/4	3/2		5	59		1235
90	89	0	0	6/8	2	1	3/8		1/4	3/2		-1	65		1232
90	89	0	0	6/8	1	2	3/8		1/4	3/2		3	69		1230
90	89	0	0	6/8	1	1	3/8		1/4	3/2	1	2	74		1226
90	89	3/8	3/8	6/8	2	2	3/8		1/4	3/2		-2	58		1236
90	89	3/8	3/8	6/8	2	1	1/4		1/4	1		4	64		1233
90	89	3/8	3/8	6/8	1	2	3/8		1/4	3/2		8	68		1231
90	89	3/8	3/8	6/8	1	1	1/8		1/8	1	-1	2	74		1227
90	89	1/2	1/2	6/8	1	1	3/16		1/8	3/2		4	76		1228
90	89	5/8	5/8	6/8	2	1	1/8		1/8	1		2	62		1234
90	89	11/16	11/16	6/8	1	1	1/16		1/16	1		-1	77		1229
91	90	0	0	6/8	2	1	3/8		1/4	3/2		3	57		1244
91	90	0	0	6/8	2	1	3/8		1/4	3/2		7	61		1244
91	90	0	0	6/8	1	2	3/8		1/4	3/2		1	67		1242
91	90	0	0	6/8	1	1	1/8		1/8	1		9	75		1237
91	90	1/8	1/8	6/8	1	1	1/4		1/4	1		4	76		1238
91	90	3/8	3/8	6/8	2	1	3/8		1/4	3/2		-5	49		1245
91	90	3/8	3/8	6/8	2	1	3/8		1/4	3/2		-1	53		1245
91	90	3/8	3/8	6/8	1	2	3/8		1/4	3/2		5	59		1243
91	90	3/8	3/8	6/8	1	1	1/8		1/8	1		-1	65		1239
91	90	1/2	1/2	6/8	1	1	3/16		1/8	3/2		1	67		1240
91	90	11/16	11/16	6/8	1	1	1/16		1/16	1		3	69		1241
92	91	0	0	6/8	2	1	3/8		1/4	3/2		0	48		1253
92	91	0	0	6/8	2	1	3/8		1/4	3/2		4	52		1253
92	91	0	0	6/8	1	2	3/8		1/4	3/2		-2	58		1251
92	91	0	0	6/8	1	1	1/8		1/8	1		6	66		1246
92	91	1/8	1/8	6/8	1	1	1/4		1/4	1		1	67		1247
92	91	3/8	3/8	6/8	2	1	3/8		1/4	3/2		-3	63		1254
92	91	3/8	3/8	6/8	2	1	3/8		1/4	3/2		1	67		1254
92	91	3/8	3/8	6/8	1	2	3/8		1/4	3/2		7	73		1252
92	91	3/8	3/8	6/8	1	1	1/8		1/8	1		1	79		1248
92	91	1/2	1/2	6/8	1	1	3/16		1/8	3/2		3	81		1249
92	91	11/16	11/16	6/8	1	1	1/16		1/16	1		-2	82		1250
93	92	0	0	6/8	2	1	3/8		1/4	3/2		2	62		1262
93	92	0	0	6/8	2	1	3/8		1/4	3/2		6	66		1262
93	92	0	0	6/8	1	2	3/8		1/4	3/2		0	72		1260
93	92	0	0	6/8	1	1	1/8		1/8	1		8	80		1255
93	92	1/8	1/8	6/8	1	1	1/4		1/4	1		3	81		1256
93	92	3/8	3/8	6/8	2	1	3/8		1/4	3/2		-1	53		1263
93	92	3/8	3/8	6/8	2	1	3/8		1/4	3/2		3	57		1263
93	92	3/8	3/8	6/8	1	2	3/8		1/4	3/2		2	62		1261
93	92	3/8	3/8	6/8	1	1	1/8		1/8	1		3	69		1257
93	92	1/2	1/2	6/8	1	1	3/16		1/8	3/2		5	71		1258
93	92	11/16	11/16	6/8	1	1	1/16		1/16	1		0	72		1259
94	93	0	0	6/8	2	1	3/8		1/4	3/2		5	47		1276
94	93	0	0	6/8	2	1	3/8		1/4	3/2		6	54		1276
94	93	0	0	6/8	2	1	3/8		1/4	3/2		3	57		1276
94	93	0	0	6/8	1	2	3/8		1/4	3/2		9	63		1273
94	93	0	0	6/8	1	1	1/8		1/8	1		0	72		1264
94	93	1/8	1/8	6/8	1	1	1/8		1/8	1		7	73		1265
94	93	1/4	1/4	6/8	1	1	1/8		1/8	1		2	74		1266
94	93	3/8	3/8	6/8	2	1	1/4		1/4	1		4	40		1277
94	93	3/8	3/8	6/8	2	1	1/4		1/4	1		4	52		1277
94	93	3/8	3/8	6/8	1	2	1/16		1/16	1		2	62		1274
94	93	3/8	3/8	6/8	1	2	1/16		1/16	1		8	68		1274
94	93	3/8	3/8	6/8	1	1	1/16		1/16	1		9	75		1267
94	93	7/16	7/16	6/8	1	1	1/16		1/16	1		4	76		1268
94	93	1/2	1/2	6/8	1	1	1/16		1/16	1		11	77		1269
94	93	9/16	9/16	6/8	1	1	1/16		1/16	1		6	78		1270
94	93	5/8	5/8	6/8	2	1	1/8		1/8	1		4	52		1278
94	93	5/8	5/8	6/8	2	1	1/8		1/8	1		2	62		1278
94	93	5/8	5/8	6/8	1	2	1/8		1/8	1		5	71		1275
94	93	5/8	5/8	6/8	1	1	1/16		1/16	1		1	79		1271
94	93	11/16	11/16	6/8	1	1	1/16		1/16	1		8	80		1272
95	94	0	0	6/8	2	1	3/8		1/4	3/2	1	-1	53		1281
95	94	0	0	6/8	2	1	3/8		1/4	3/2		0	60		1281
95	94	0	0	6/8	1	1	3/8		1/4	3/2	1	3	69		1279
95	94	0	0	6/8	1	1	3/8		1/4	3/2		5	83		1279
95	94	3/8	3/8	6/8	2	2	1/8		1/8	1	-1	-1	53		1285
95	94	3/8	3/8	6/8	2	1	1/8		1/8	1		3	57		1282
95	94	3/8	3/8	6/8	1	1	1/8		1/8	1	-1	3	69		1280
95	94	3/8	3/8	6/8	1	1	1/8		1/8	1		3	81		1280
95	94	1/2	1/2	6/8	2	1	3/16		1/8	3/2		5	59		1283
95	94	11/16	11/16	6/8	2	1	1/16		1/16	1		0	60		1284
96	95	0	0	6/8	1	1	3/8		1/4	3/2		-1	41		1286
96	95	0	0	6/8	2	2	3/8		1/4	3/2		-4	56		1294
96	95	0	0	6/8	2	1	1/4		1/4	1		0	60		1291
96	95	1/4	1/4	6/8	2	1	1/8		1/8	1		2	50		1292
96	95	3/8	3/8	6/8	2	1	3/8		1/4	3/2		-1	53		1293
96	95	3/8	3/8	6/8	2	1	3/8		1/4	3/2		2	62		1293
96	95	3/8	3/8	6/8	1	2	3/8		1/4	3/2	1	-4	68		1290
96	95	3/8	3/8	6/8	1	1	1/8		1/8	1		0	72		1287
96	95	1/2	1/2	6/8	1	1	3/16		1/8	3/2		2	74		1288
96	95	11/16	11/16	6/8	1	1	1/16		1/16	1		4	76		1289
97	96	0	0	6/8	2	1	3/8		1/4	3/2		-1	53		1302
97	96	0	0	6/8	2	1	3/8		1/4	3/2		5	59		1302
97	96	0	0	6/8	1	2	3/8		1/4	3/2	-1	-4	68		1300
97	96	0	0	6/8	1	1	1/8		1/8	1		4	76		1295
97	96	1/8	1/8	6/8	1	1	1/4		1/4	1		2	74		1296
97	96	3/8	3/8	6/8	2	1	3/8		1/4	3/2		-1	41		1303
97	96	3/8	3/8	6/8	2	1	3/8		1/4	3/2		-1	53		1303
97	96	3/8	3/8	6/8	1	2	3/8		1/4	3/2		-4	56		1301
97	96	3/8	3/8	6/8	1	2	3/8		1/4	3/2		5	59		1301
97	96	3/8	3/8	6/8	1	1	1/8		1/8	1		2	62		1297
97	96	1/2	1/2	6/8	1	1	3/16		1/8	3/2		4	64		1298
97	96	11/16	11/16	6/8	1	1	1/16		1/16	1		-1	65		1299
98	97	0	0	6/8	2	1	3/8		1/4	3/2		-5	37		1311
98	97	0	0	6/8	2	1	3/8		1/4	3/2		-5	49		1311
98	97	0	0	6/8	1	2	3/8		1/4	3/2		1	55		1309
98	97	0	0	6/8	1	2	3/8		1/4	3/2		-2	58		1309
98	97	0	0	6/8	1	1	1/4		1/4	1		-1	65		1304
98	97	1/4	1/4	6/8	1	1	1/8		1/8	1		1	55		1305
98	97	3/8	3/8	6/8	2	1	3/8		1/4	3/2		-5	61		1312
98	97	3/8	3/8	6/8	2	1	3/8		1/4	3/2		-1	65		1312
98	97	3/8	3/8	6/8	1	2	3/8		1/4	3/2		-2	70		1310
98	97	3/8	3/8	6/8	1	1	1/8		1/8	1		-1	77		1306
98	97	1/2	1/2	6/8	1	1	3/16		1/8	3/2		1	79		1307
98	97	11/16	11/16	6/8	1	1	1/16		1/16	1		3	81		1308
99	98	0	0	6/8	2	1	3/8		1/4	3/2		2	62		1321
99	98	0	0	6/8	2	1	3/8		1/4	3/2		-1	65		1321
99	98	0	0	6/8	1	2	3/8		1/4	3/2		5	71		1318
99	98	0	0	6/8	1	1	1/8		1/8	1		3	81		1313
99	98	1/8	1/8	6/8	1	1	1/4		1/4	1		1	79		1314
99	98	3/8	3/8	6/8	2	2	3/8		1/4	3/2		-5	49		1324
99	98	3/8	3/8	6/8	2	1	1/4		1/4	1	1	5	59		1322
99	98	3/8	3/8	6/8	1	2	1/4		1/4	1		-1	65		1319
99	98	3/8	3/8	6/8	1	1	1/8		1/8	1		1	67		1315
99	98	1/2	1/2	6/8	1	1	3/16		1/8	3/2		3	69		1316
99	98	5/8	5/8	6/8	2	1	1/8		1/8	1		-2	58		1323
99	98	5/8	5/8	6/8	1	2	1/8		1/8	1		4	64		1320
99	98	11/16	11/16	6/8	1	1	1/16		1/16	1		-2	70		1317
100	99	0	0	6/8	2	1	3/8		1/4	3/2		3	45		1334
100	99	0	0	6/8	2	1	3/8		1/4	3/2		0	48		1334
100	99	0	0	6/8	1	2	1/8		1/8	1		-3	63		1331
100	99	0	0	6/8	1	1	1/8		1/8	1		1	67		1325
100	99	0	0	6/8	1	1	1/8		1/8	1		0	72		1325
100	99	1/8	1/8	6/8	1	1	1/8		1/8	1		-3	63		1326
100	99	1/8	1/8	6/8	1	2	1/4		1/4	1	1	-3	63		1332
100	99	1/4	1/4	6/8	1	1	1/8		1/8	1	1	-3	75		1327
100	99	3/8	3/8	6/8	2	1	3/8		1/4	3/2		-4	44		1335
100	99	3/8	3/8	6/8	2	1	3/8		1/4	3/2		0	48		1335
100	99	3/8	3/8	6/8	2	1	3/8		1/4	3/2		6	54		1335
100	99	3/8	3/8	6/8	1	2	3/8		1/4	3/2	-1	-3	63		1333
100	99	3/8	3/8	6/8	1	1	1/8		1/8	1	-1	-3	75		1328
100	99	1/2	1/2	6/8	1	1	3/16		1/8	3/2		2	74		1329
100	99	11/16	11/16	6/8	1	1	1/16		1/16	1		0	72		1330
101	100	0	0	6/8	2	1	3/8		1/4	3/2		1	43		1340
101	100	0	0	6/8	2	1	3/8		1/4	3/2		-1	53		1340
101	100	0	0	6/8	1	2	3/8		1/4	3/2		2	62		1339
101	100	0	0	6/8	1	2	3/8		1/4	3/2		-4	68		1339
101	100	0	0	6/8	1	1	1/4		1/4	1		0	72		1336
101	100	1/4	1/4	6/8	1	1	1/8		1/8	1		5	71		1337
101	100	3/8	3/8	6/8	2	1	3/8		1/4	3/2		1	31		1341
101	100	5/8	5/8	6/8	1	1	1/8		1/8	1		-4	56		1338
101	100	3/4	3/4	6/8	2	1	3/8		1/4	3/2		1	43		1342
102	101	0	0	6/8	2	1	3/8		1/4	3/2		1	31		1346
102	101	0	0	6/8	1	1	3/8		1/4	3/2	1	-1	65		1343
102	101	3/8	3/8	6/8	2	1	3/8		1/4	3/2		1	43		1347
102	101	3/8	3/8	6/8	1	1	1/4		1/4	1	-1	-1	65		1344
102	101	5/8	5/8	6/8	1	1	1/8		1/8	1		4	64		1345
102	101	3/4	3/4	6/8	2	1	1/4		1/4	1		1	31		1348
102	101	1	1	6/8	2	1	1/4		1/4	1		1	43		1349
103	102	0	0	6/8	2	1	3/4		1/2	3/2	1	-1	53		1354
103	102	0	0	6/8	2	1	3/4		1/2	3/2	-1	5	59		1354
103	102	0	0	6/8	1	2	3/4		1/2	3/2		-3	63		1353
103	102	0	0	6/8	1	1	3/8		1/4	3/2	1	8	68		1350
103	102	3/8	3/8	6/8	1	1	1/4		1/4	1	-1	8	68		1351
103	102	5/8	5/8	6/8	1	1	1/8		1/8	1		3	69		1352
104	103	0	0	6/8	2	1	3/8		1/4	3/2	-1	-1	53		1359
104	103	0	0	6/8	2	1	3/8		1/4	3/2		-4	56		1359
104	103	0	0	6/8	1	2	3/8		1/4	3/2		2	62		1358
104	103	0	0	6/8	1	1	1/8		1/8	1		10	70		1355
104	103	1/8	1/8	6/8	1	1	1/4		1/4	1		5	71		1356
104	103	3/8	3/8	6/8	2	1	3/8		1/4	3/2		1	31		1360
104	103	5/8	5/8	6/8	1	1	1/8		1/8	1		5	47		1357
104	103	3/4	3/4	6/8	2	1	3/8		1/4	3/2		1	43		1361
105	104	0	0	6/8	2	1	3/8		1/4	3/2		1	31		1365
105	104	0	0	6/8	1	1	3/8		1/4	3/2	1	-4	56		1362
105	104	3/8	3/8	6/8	2	1	3/8		1/4	3/2		1	43		1366
105	104	3/8	3/8	6/8	1	1	1/4		1/4	1	-1	-4	56		1363
105	104	5/8	5/8	6/8	1	1	1/8		1/8	1		1	55		1364
105	104	3/4	3/4	6/8	2	1	1/4		1/4	1		1	31		1367
105	104	1	1	6/8	2	1	1/4		1/4	1		1	43		1368
106	105	0	0	6/8	2	1	3/4		1/2	3/2		-4	44		1373
106	105	0	0	6/8	2	1	3/4		1/2	3/2		2	50		1373
106	105	0	0	6/8	1	2	3/4		1/2	3/2		6	54		1372
106	105	0	0	6/8	1	1	3/8		1/4	3/2	1	5	59		1369
106	105	3/8	3/8	6/8	1	1	1/4		1/4	1	-1	5	59		1370
106	105	5/8	5/8	6/8	1	1	1/8		1/8	1		0	60		1371
107	106	0	0	6/8	2	1	3/8		1/4	3/2		1	31		1377
107	106	0	0	6/8	2	1	3/8		1/4	3/2		1	43		1377
107	106	0	0	6/8	1	2	3/8		1/4	3/2		-1	53		1376
107	106	0	0	6/8	1	2	3/8		1/4	3/2		5	59		1376
107	106	0	0	6/8	1	1	1/8		1/8	1		7	61		1374
107	106	1/8	1/8	6/8	1	1	1/4		1/4	1		2	62		1375
107	106	3/8	3/8	6/8	2	1	3/8		1/4	3/2		-4	32		1378
107	106	3/8	3/8	6/8	2	1	3/8		1/4	3/2		-4	44		1378
108	107	0	0	6/8	2	1	3/8		1/4	3/2		1	31		1380
108	107	0	0	6/8	2	1	3/8		1/4	3/2		1	43		1380
108	107	3/8	3/8	6/8	2	1	3/8		1/4	3/2		-3	39		1381
108	107	3/8	3/8	6/8	1	1	3/8		1/4	3/2		-3	51		1379
109	108	0	0	6/8	2	1	3/8		1/4	3/2	1	5	35		1385
109	108	0	0	6/8	1	1	3/8		1/4	3/2	1	5	47		1382
109	108	3/8	3/8	6/8	2	1	1/4		1/4	1	-1	5	35		1386
109	108	3/8	3/8	6/8	1	1	1/4		1/4	1	-1	5	47		1383
109	108	5/8	5/8	6/8	2	1	1/8		1/8	1		-1	29		1387
109	108	5/8	5/8	6/8	1	1	1/8		1/8	1		-1	41		1384
110	109	0	0	6/8	2	1	3/4		1/2	3/2		-4	32		1389
110	109	0	0	6/8	1	1	3/4		1/2	3/2		-4	44		1388
111	110	0	0	6/8	2	1	3/8		1/4	3/2	1	1	31		1392
111	110	0	0	6/8	1	1	3/8		1/4	3/2	1	1	43		1390
111	110	3/8	3/8	6/8	2	1	1/8		1/8	1	-1	1	31		1393
111	110	3/8	3/8	6/8	1	1	1/8		1/8	1	-1	1	43		1391
112	111	0	0	6/8	2	1	1/8		1/8	1		1	31		1394
112	111	0	0	6/8	2	1	1/8		1/8	1		1	43		1394
112	111	3/8	3/8	6/8	2	1	1/8		1/8	1		1	31		1395
112	111	3/8	3/8	6/8	2	1	1/8		1/8	1		1	43		1395
